index,local_time,date,weekday,value,seasonal_naive_residual,z_score,is_holiday,holiday
172,2013-11-02T04:40:00.000000000,2013-11-02,Saturday,288.0573425292969,164.3237075805664,4.59571291247809,False,
227,2013-11-02T13:50:00.000000000,2013-11-02,Saturday,8044.07080078125,4525.046142578125,6.928742228868235,False,
294,2013-11-03T01:00:00.000000000,2013-11-03,Sunday,706.9776611328125,527.9626007080078,8.825374930818313,False,
295,2013-11-03T01:10:00.000000000,2013-11-03,Sunday,503.78045654296875,316.53944396972656,4.5695923244600785,False,
302,2013-11-03T02:20:00.000000000,2013-11-03,Sunday,604.8645629882812,443.1152801513672,10.264338477582077,False,
316,2013-11-03T04:40:00.000000000,2013-11-03,Sunday,149.65777587890625,-138.39956665039062,4.01427747210491,False,
352,2013-11-03T10:40:00.000000000,2013-11-03,Sunday,820.7864990234375,-1407.3599853515625,4.532223999072324,False,
369,2013-11-03T13:30:00.000000000,2013-11-03,Sunday,2523.5869140625,-2846.88330078125,4.3614159013420135,False,
370,2013-11-03T13:40:00.000000000,2013-11-03,Sunday,2822.498291015625,-1932.466064453125,4.5118481542135,False,
371,2013-11-03T13:50:00.000000000,2013-11-03,Sunday,2557.13671875,-5486.93408203125,8.650883809395365,False,
438,2013-11-04T01:00:00.000000000,2013-11-04,Monday,256.82781982421875,-450.14984130859375,7.509092120854304,False,
439,2013-11-04T01:10:00.000000000,2013-11-04,Monday,217.5563201904297,-286.22413635253906,4.042079514559048,False,
446,2013-11-04T02:20:00.000000000,2013-11-04,Monday,152.16160583496094,-452.7029571533203,10.659752582293194,False,
493,2013-11-04T10:10:00.000000000,2013-11-04,Monday,1387.07275390625,856.3613891601562,5.628253819542627,False,
1287,2013-11-09T22:30:00.000000000,2013-11-09,Saturday,1947.1656494140625,1091.9503173828125,5.088449279953378,False,
1289,2013-11-09T22:50:00.000000000,2013-11-09,Saturday,1171.3193359375,610.4265747070312,4.522296435931776,False,
1317,2013-11-10T03:30:00.000000000,2013-11-10,Sunday,413.7218322753906,163.09515380859375,4.3551615611532055,False,
1336,2013-11-10T06:40:00.000000000,2013-11-10,Sunday,451.0174560546875,244.69375610351562,5.395764807044165,False,
1431,2013-11-10T22:30:00.000000000,2013-11-10,Sunday,783.0814819335938,-1164.0841674804688,5.355446124998181,False,
1445,2013-11-11T00:50:00.000000000,2013-11-11,Monday,269.1357116699219,-321.9908142089844,4.779190590581192,False,
1480,2013-11-11T06:40:00.000000000,2013-11-11,Monday,217.01055908203125,-234.00689697265625,4.866596507987544,False,
1534,2013-11-11T15:40:00.000000000,2013-11-11,Monday,2284.594482421875,-2605.754638671875,4.103853892779663,False,
1604,2013-11-12T03:20:00.000000000,2013-11-12,Tuesday,197.33853149414062,-199.56527709960938,4.1855583051955865,False,
1605,2013-11-12T03:30:00.000000000,2013-11-12,Tuesday,182.44537353515625,-315.0733642578125,9.296365661177742,False,
1772,2013-11-13T07:20:00.000000000,2013-11-13,Wednesday,641.0376586914062,341.2358093261719,5.010814285165061,False,
2023,2013-11-15T01:10:00.000000000,2013-11-15,Friday,641.109375,402.1613006591797,5.792870166931706,False,
2024,2013-11-15T01:20:00.000000000,2013-11-15,Friday,491.0115051269531,243.8858642578125,5.728113606066347,False,
2031,2013-11-15T02:30:00.000000000,2013-11-15,Friday,564.8511962890625,344.9099884033203,7.105750488256459,False,
2039,2013-11-15T03:50:00.000000000,2013-11-15,Friday,462.40167236328125,252.545166015625,7.160183377460261,False,
2040,2013-11-15T04:00:00.000000000,2013-11-15,Friday,834.6996459960938,624.7926177978516,20.717463173027575,False,
2049,2013-11-15T05:30:00.000000000,2013-11-15,Friday,591.3006591796875,390.3336486816406,8.738135027999117,False,
2167,2013-11-16T01:10:00.000000000,2013-11-16,Saturday,188.92762756347656,-452.18174743652344,6.413112756280014,False,
2168,2013-11-16T01:20:00.000000000,2013-11-16,Saturday,195.02989196777344,-295.9816131591797,6.948130174161034,False,
2175,2013-11-16T02:30:00.000000000,2013-11-16,Saturday,163.16854858398438,-401.6826477050781,8.344891214185857,False,
2176,2013-11-16T02:40:00.000000000,2013-11-16,Saturday,160.43577575683594,-181.16114807128906,4.266876472494755,False,
2183,2013-11-16T03:50:00.000000000,2013-11-16,Saturday,138.9768829345703,-323.42478942871094,9.259315793573196,False,
2184,2013-11-16T04:00:00.000000000,2013-11-16,Saturday,140.3550262451172,-694.3446197509766,23.345711869980722,False,
2193,2013-11-16T05:30:00.000000000,2013-11-16,Saturday,166.57777404785156,-424.72288513183594,9.798321740035295,False,
2300,2013-11-16T23:20:00.000000000,2013-11-16,Saturday,1380.436279296875,854.564697265625,4.618907121636704,False,
2444,2013-11-17T23:20:00.000000000,2013-11-17,Sunday,375.1758117675781,-1005.2604675292969,5.222874380456387,False,
2448,2013-11-18T00:00:00.000000000,2013-11-18,Monday,297.2167663574219,-607.2509460449219,4.1270797288192105,False,
2451,2013-11-18T00:30:00.000000000,2013-11-18,Monday,1275.5611572265625,571.9360961914062,5.438973142784094,False,
2453,2013-11-18T00:50:00.000000000,2013-11-18,Monday,1809.5704345703125,1418.2393188476562,21.26796761415621,False,
2509,2013-11-18T10:10:00.000000000,2013-11-18,Monday,1352.0284423828125,858.7711486816406,5.643707877317835,False,
2553,2013-11-18T17:30:00.000000000,2013-11-18,Monday,1965.4639892578125,-3475.0521240234375,4.994023381673062,False,
2561,2013-11-18T18:50:00.000000000,2013-11-18,Monday,2294.054443359375,-2623.660888671875,4.222411311299971,False,
2595,2013-11-19T00:30:00.000000000,2013-11-19,Tuesday,284.1715087890625,-991.3896484375,9.686718581410537,False,
2596,2013-11-19T00:40:00.000000000,2013-11-19,Tuesday,229.5872344970703,-676.5545501708984,5.085389614691907,False,
2597,2013-11-19T00:50:00.000000000,2013-11-19,Tuesday,288.4530334472656,-1521.1174011230469,22.727299477764095,False,
2767,2013-11-20T05:10:00.000000000,2013-11-20,Wednesday,366.927734375,214.08248901367188,5.283846409971809,False,
2911,2013-11-21T05:10:00.000000000,2013-11-21,Thursday,164.9506378173828,-201.9770965576172,4.8084316734760915,False,
3030,2013-11-22T01:00:00.000000000,2013-11-22,Friday,598.9109497070312,318.89154052734375,5.333890519334509,False,
3034,2013-11-22T01:40:00.000000000,2013-11-22,Friday,486.64044189453125,289.4281463623047,4.879576310998438,False,
3174,2013-11-23T01:00:00.000000000,2013-11-23,Saturday,267.6320495605469,-331.2789001464844,5.523948707474809,False,
3178,2013-11-23T01:40:00.000000000,2013-11-23,Saturday,182.37684631347656,-304.2635955810547,4.85548697105781,False,
3179,2013-11-23T01:50:00.000000000,2013-11-23,Saturday,223.15057373046875,-187.63833618164062,4.034559317501237,False,
3464,2013-11-25T01:20:00.000000000,2013-11-25,Monday,507.66802978515625,255.26998901367188,5.995416132457156,False,
3467,2013-11-25T01:50:00.000000000,2013-11-25,Monday,914.6452026367188,682.4270477294922,14.45174614509292,False,
3468,2013-11-25T02:00:00.000000000,2013-11-25,Monday,620.0686645507812,350.14813232421875,8.185143861069333,False,
3507,2013-11-25T08:30:00.000000000,2013-11-25,Monday,1188.2509765625,869.7443237304688,5.781289256320064,False,
3509,2013-11-25T08:50:00.000000000,2013-11-25,Monday,1142.0401611328125,834.7972412109375,4.658623678210453,False,
3514,2013-11-25T09:40:00.000000000,2013-11-25,Monday,1483.4830322265625,889.2965698242188,4.079486573424131,False,
3518,2013-11-25T10:20:00.000000000,2013-11-25,Monday,2291.689453125,1535.6195678710938,5.233945851037206,False,
3608,2013-11-26T01:20:00.000000000,2013-11-26,Tuesday,267.3717346191406,-240.29629516601562,5.640622877670178,False,
3611,2013-11-26T01:50:00.000000000,2013-11-26,Tuesday,223.009521484375,-691.6356811523438,14.743006112134882,False,
3612,2013-11-26T02:00:00.000000000,2013-11-26,Tuesday,201.65257263183594,-418.4160919189453,9.747524980352912,False,
4281,2013-11-30T17:30:00.000000000,2013-11-30,Saturday,6032.7548828125,3050.33837890625,4.20277223211875,False,
4294,2013-11-30T19:40:00.000000000,2013-11-30,Saturday,4428.70361328125,2543.0926513671875,4.169524152512752,False,
4296,2013-11-30T20:00:00.000000000,2013-11-30,Saturday,3709.053955078125,2112.354248046875,4.777767308514113,False,
4303,2013-11-30T21:10:00.000000000,2013-11-30,Saturday,2149.755126953125,1270.9276733398438,4.0697064560530825,False,
4462,2013-12-01T23:40:00.000000000,2013-12-01,Sunday,296.0057373046875,-455.822265625,4.0903520844538095,False,
4473,2013-12-02T01:30:00.000000000,2013-12-02,Monday,535.2749633789062,357.70851135253906,6.225920880228731,False,
4538,2013-12-02T12:20:00.000000000,2013-12-02,Monday,2351.239990234375,-2283.796630859375,4.867106633578371,False,
4539,2013-12-02T12:30:00.000000000,2013-12-02,Monday,2261.564453125,-2285.998046875,4.152786911145904,False,
4543,2013-12-02T13:10:00.000000000,2013-12-02,Monday,2730.2314453125,-2811.24609375,4.52584894438055,False,
4555,2013-12-02T15:10:00.000000000,2013-12-02,Monday,2713.321533203125,-2630.776123046875,4.790034563796679,False,
4558,2013-12-02T15:40:00.000000000,2013-12-02,Monday,3186.318359375,-2913.51171875,4.579528381280713,False,
4559,2013-12-02T15:50:00.000000000,2013-12-02,Monday,2554.927001953125,-3676.936767578125,4.428366535094636,False,
4560,2013-12-02T16:00:00.000000000,2013-12-02,Monday,2654.891845703125,-3895.995361328125,4.633325989148577,False,
4561,2013-12-02T16:10:00.000000000,2013-12-02,Monday,2511.280029296875,-4037.123779296875,4.560319503514619,False,
4564,2013-12-02T16:40:00.000000000,2013-12-02,Monday,2495.268310546875,-4258.021240234375,4.060345973004243,False,
4569,2013-12-02T17:30:00.000000000,2013-12-02,Monday,2234.85888671875,-3971.29931640625,5.693427348410948,False,
4571,2013-12-02T17:50:00.000000000,2013-12-02,Monday,2238.62255859375,-3836.087890625,4.714553311349111,False,
4572,2013-12-02T18:00:00.000000000,2013-12-02,Monday,2321.213134765625,-4121.273681640625,4.953374744075559,False,
4573,2013-12-02T18:10:00.000000000,2013-12-02,Monday,2224.670654296875,-3300.783935546875,4.087187867018744,False,
4574,2013-12-02T18:20:00.000000000,2013-12-02,Monday,2108.677734375,-3722.66845703125,4.225666317669118,False,
4575,2013-12-02T18:30:00.000000000,2013-12-02,Monday,1945.989501953125,-4220.828369140625,5.496566442092104,False,
4606,2013-12-02T23:40:00.000000000,2013-12-02,Monday,750.7112426757812,454.70550537109375,4.006947884357142,False,
4617,2013-12-03T01:30:00.000000000,2013-12-03,Tuesday,187.76792907714844,-347.5070343017578,6.117223135920912,False,
5182,2013-12-06T23:40:00.000000000,2013-12-06,Friday,1177.3287353515625,779.5341796875,6.89564090196135,False,
5195,2013-12-07T01:50:00.000000000,2013-12-07,Saturday,191.71559143066406,-211.1284942626953,4.533655414968039,True,Sant'Ambrogio
5275,2013-12-07T15:10:00.000000000,2013-12-07,Saturday,5659.85888671875,2511.199462890625,4.498808614029987,True,Sant'Ambrogio
5307,2013-12-07T20:30:00.000000000,2013-12-07,Saturday,3218.113037109375,1419.546630859375,4.201752369327631,True,Sant'Ambrogio
5308,2013-12-07T20:40:00.000000000,2013-12-07,Saturday,2936.8408203125,1306.3709716796875,4.012678687180321,True,Sant'Ambrogio
5326,2013-12-07T23:40:00.000000000,2013-12-07,Saturday,726.2970581054688,-451.03167724609375,4.047749505634421,True,Sant'Ambrogio
5334,2013-12-08T01:00:00.000000000,2013-12-08,Sunday,579.8685913085938,311.50091552734375,5.210467162910505,True,Immacolata Concezione
5451,2013-12-08T20:30:00.000000000,2013-12-08,Sunday,1686.748046875,-1531.364990234375,4.390933244651954,True,Immacolata Concezione
5452,2013-12-08T20:40:00.000000000,2013-12-08,Sunday,1533.58203125,-1403.2587890625,4.270570358013339,True,Immacolata Concezione
5453,2013-12-08T20:50:00.000000000,2013-12-08,Sunday,1193.10498046875,-1341.171630859375,4.246868229796731,True,Immacolata Concezione
5455,2013-12-08T21:10:00.000000000,2013-12-08,Sunday,1020.6046752929688,-1554.5056762695312,4.9409214262877335,True,Immacolata Concezione
5478,2013-12-09T01:00:00.000000000,2013-12-09,Monday,238.6772918701172,-341.19129943847656,5.689485666910932,False,
5541,2013-12-09T11:30:00.000000000,2013-12-09,Monday,2260.84521484375,-1580.031005859375,4.515698080808962,False,
5916,2013-12-12T02:00:00.000000000,2013-12-12,Thursday,395.5361633300781,174.18536376953125,4.079459576820521,False,
5931,2013-12-12T04:30:00.000000000,2013-12-12,Thursday,403.520751953125,195.59329223632812,4.915773858210573,False,
6075,2013-12-13T04:30:00.000000000,2013-12-13,Friday,212.7274627685547,-190.7932891845703,4.907987312449407,False,
6329,2013-12-14T22:50:00.000000000,2013-12-14,Saturday,1207.615966796875,687.47998046875,5.0631948848799135,False,
6353,2013-12-15T02:50:00.000000000,2013-12-15,Sunday,364.0741271972656,132.66299438476562,4.571015617154649,False,
6473,2013-12-15T22:50:00.000000000,2013-12-15,Sunday,517.4075927734375,-690.2083740234375,4.60788307348019,False,
6497,2013-12-16T02:50:00.000000000,2013-12-16,Monday,192.52117919921875,-171.55294799804688,6.076993766631646,False,
6554,2013-12-16T12:20:00.000000000,2013-12-16,Monday,1910.0787353515625,-2236.0740966796875,4.769188508102753,False,
6555,2013-12-16T12:30:00.000000000,2013-12-16,Monday,2116.087890625,-2586.34130859375,4.709952383091085,False,
6558,2013-12-16T13:00:00.000000000,2013-12-16,Monday,2360.44482421875,-2160.77392578125,4.472163300102987,False,
6571,2013-12-16T15:10:00.000000000,2013-12-16,Monday,2480.48583984375,-2420.5,4.410176297575898,False,
6574,2013-12-16T15:40:00.000000000,2013-12-16,Monday,2538.41064453125,-2599.8857421875,4.09478282824863,False,
6784,2013-12-18T02:40:00.000000000,2013-12-18,Wednesday,443.7337341308594,260.5953369140625,6.287980457534769,False,
6785,2013-12-18T02:50:00.000000000,2013-12-18,Wednesday,424.5218200683594,221.69546508789062,7.687284199540798,False,
6786,2013-12-18T03:00:00.000000000,2013-12-18,Wednesday,514.8599243164062,310.3485412597656,7.822181354966477,False,
6926,2013-12-19T02:20:00.000000000,2013-12-19,Thursday,167.06289672851562,-223.46844482421875,5.305403217323949,False,
6927,2013-12-19T02:30:00.000000000,2013-12-19,Thursday,144.11837768554688,-240.99533081054688,5.01948718608647,False,
6928,2013-12-19T02:40:00.000000000,2013-12-19,Thursday,168.7206573486328,-275.01307678222656,6.509274068953634,False,
6929,2013-12-19T02:50:00.000000000,2013-12-19,Thursday,163.07359313964844,-261.44822692871094,9.223461917230047,False,
6930,2013-12-19T03:00:00.000000000,2013-12-19,Thursday,140.69020080566406,-374.1697235107422,9.818015197906444,False,
6951,2013-12-19T06:30:00.000000000,2013-12-19,Thursday,133.8903045654297,-186.9976043701172,4.66464566984099,False,
7714,2013-12-24T13:40:00.000000000,2013-12-24,Tuesday,2481.260986328125,-1981.941162109375,4.621889681696545,True,Vigilia di Natale (Christmas Eve)
7837,2013-12-25T10:10:00.000000000,2013-12-25,Wednesday,152.7353973388672,-1108.7489776611328,6.974219113030693,True,Natale (Christmas Day)
7839,2013-12-25T10:30:00.000000000,2013-12-25,Wednesday,165.0501251220703,-1152.4022674560547,4.317647321457579,True,Natale (Christmas Day)
7841,2013-12-25T10:50:00.000000000,2013-12-25,Wednesday,148.7003936767578,-1247.6304168701172,4.0996030600328215,True,Natale (Christmas Day)
7842,2013-12-25T11:00:00.000000000,2013-12-25,Wednesday,145.21119689941406,-1508.921127319336,4.11221443539697,True,Natale (Christmas Day)
7845,2013-12-25T11:30:00.000000000,2013-12-25,Wednesday,165.44107055664062,-1600.5773620605469,4.571298299654095,True,Natale (Christmas Day)
7850,2013-12-25T12:20:00.000000000,2013-12-25,Wednesday,203.721435546875,-2279.99609375,4.859308609522286,True,Natale (Christmas Day)
7854,2013-12-25T13:00:00.000000000,2013-12-25,Wednesday,217.3773193359375,-2275.8026123046875,4.7061379435787565,True,Natale (Christmas Day)
7858,2013-12-25T13:40:00.000000000,2013-12-25,Wednesday,184.06300354003906,-2297.197982788086,5.323077627559069,True,Natale (Christmas Day)
7867,2013-12-25T15:10:00.000000000,2013-12-25,Wednesday,191.4555206298828,-2225.868698120117,4.058579987861243,True,Natale (Christmas Day)
8139,2013-12-27T12:30:00.000000000,2013-12-27,Friday,2971.325439453125,2204.68994140625,4.177868746087633,False,
8142,2013-12-27T13:00:00.000000000,2013-12-27,Friday,2966.0791015625,2214.476318359375,4.427335137458434,False,
8146,2013-12-27T13:40:00.000000000,2013-12-27,Friday,2924.095458984375,2242.1513671875,4.7732528480489576,False,
8155,2013-12-27T15:10:00.000000000,2013-12-27,Friday,3593.076904296875,2412.26123046875,4.320079308552236,False,
8782,2013-12-31T23:40:00.000000000,2013-12-31,Tuesday,691.70361328125,480.6521301269531,4.2376905486874445,True,San Silvestro (New Year's Eve)
8783,2013-12-31T23:50:00.000000000,2013-12-31,Tuesday,773.2021484375,600.3153228759766,4.422331403090836,True,San Silvestro (New Year's Eve)
8784,2014-01-01T00:00:00.000000000,2014-01-01,Wednesday,990.8812255859375,790.7875671386719,4.979170584697771,True,Capodanno (New Year's Day)
8785,2014-01-01T00:10:00.000000000,2014-01-01,Wednesday,1469.55224609375,1306.6819915771484,9.58993447967359,True,Capodanno (New Year's Day)
8786,2014-01-01T00:20:00.000000000,2014-01-01,Wednesday,1029.7083740234375,911.6346740722656,7.291717988991191,True,Capodanno (New Year's Day)
8787,2014-01-01T00:30:00.000000000,2014-01-01,Wednesday,1105.8284912109375,959.6804962158203,9.190527982011968,True,Capodanno (New Year's Day)
8788,2014-01-01T00:40:00.000000000,2014-01-01,Wednesday,1146.5462646484375,1015.4100341796875,7.451682692348211,True,Capodanno (New Year's Day)
8789,2014-01-01T00:50:00.000000000,2014-01-01,Wednesday,674.70556640625,553.3255462646484,8.322239667039565,True,Capodanno (New Year's Day)
8790,2014-01-01T01:00:00.000000000,2014-01-01,Wednesday,581.646240234375,426.08770751953125,7.124065332149908,True,Capodanno (New Year's Day)
8791,2014-01-01T01:10:00.000000000,2014-01-01,Wednesday,425.82513427734375,324.9524154663086,4.689788288656938,True,Capodanno (New Year's Day)
8792,2014-01-01T01:20:00.000000000,2014-01-01,Wednesday,380.51971435546875,280.62156677246094,6.590678476137067,True,Capodanno (New Year's Day)
8797,2014-01-01T02:10:00.000000000,2014-01-01,Wednesday,235.01976013183594,159.6797332763672,4.190819540481236,True,Capodanno (New Year's Day)
8803,2014-01-01T03:10:00.000000000,2014-01-01,Wednesday,209.9899444580078,146.24195098876953,4.536343868413891,True,Capodanno (New Year's Day)
8926,2014-01-01T23:40:00.000000000,2014-01-01,Wednesday,141.79225158691406,-549.9113616943359,4.927083987572175,True,Capodanno (New Year's Day)
8927,2014-01-01T23:50:00.000000000,2014-01-01,Wednesday,148.33172607421875,-624.8704223632812,4.648234129524121,True,Capodanno (New Year's Day)
