run_id,timestamp,model,area,stage,seed,hyperparams_json,feature_set,train_mae,valid_mae,valid_rmse,valid_mase,train_wall_s,n_params,git_sha,rationale_for_next_change
f69750b0e8b2,2026-09-15T20:13:08+0200,harmonic_arima,5161,fourier_order,0,"{""aic"": -6088.201724749142, ""aicc"": -6088.032183464738, ""bic"": -5949.454012945405, ""fit_wall_s"": 12.966, ""k_daily"": 6, ""k_weekly"": 2, ""n_params"": 21, ""order"": [2, 0, 1], ""use_log"": true}","fourier(K1=6,K2=2)",nan,101.46071393692999,156.26751766350782,0.2920628301848632,12.967,21,454ebb5,"AICc selected K1=6, K2=2 from 15 candidates, spanning -6088 to -5971. K1>=2 was required by the 12-hour spectral peak. Validation MAE 101.46, MASE 0.292. Next: search ARIMA(p,d,q) around the selected harmonics, holding d=0 since ADF and KPSS agree there is no stochastic trend."
f00ae684e510,2026-09-15T20:13:50+0200,harmonic_arima,5161,arima_order,0,"{""aic"": -5257.676138400172, ""aicc"": -5257.536740014259, ""bic"": -5132.139021212959, ""fit_wall_s"": 2.002, ""k_daily"": 6, ""k_weekly"": 2, ""n_params"": 19, ""order"": [1, 0, 0], ""use_log"": true}","fourier(K1=6,K2=2)",nan,118.4716471973997,185.4081278616521,0.34103017054112145,2.004,19,454ebb5,"ARIMA(1, 0, 0) with the AICc-selected harmonics gave validation MAE 118.47, worsened validation MAE by 17.01 (16.8%). d is held at 0 throughout because both stationarity tests agree the raw series has no unit root; differencing would remove signal."
02b7b6981a5a,2026-09-15T20:14:39+0200,harmonic_arima,5161,arima_order,0,"{""aic"": -5754.66343402943, ""aicc"": -5754.509333864323, ""bic"": -5622.5227561211095, ""fit_wall_s"": 3.094, ""k_daily"": 6, ""k_weekly"": 2, ""n_params"": 20, ""order"": [2, 0, 0], ""use_log"": true}","fourier(K1=6,K2=2)",nan,105.58804062779457,165.33590774966274,0.3039436722138357,3.096,20,454ebb5,"ARIMA(2, 0, 0) with the AICc-selected harmonics gave validation MAE 105.59, worsened validation MAE by 4.13 (4.1%). d is held at 0 throughout because both stationarity tests agree the raw series has no unit root; differencing would remove signal."
e24c0e11036d,2026-09-15T20:15:41+0200,harmonic_arima,5161,arima_order,0,"{""aic"": -6088.201724749142, ""aicc"": -6088.032183464738, ""bic"": -5949.454012945405, ""fit_wall_s"": 11.512, ""k_daily"": 6, ""k_weekly"": 2, ""n_params"": 21, ""order"": [2, 0, 1], ""use_log"": true}","fourier(K1=6,K2=2)",nan,101.46071393692999,156.26751766350782,0.2920628301848632,11.514,21,454ebb5,"ARIMA(2, 0, 1) with the AICc-selected harmonics gave validation MAE 101.46, no change against the previous stage. d is held at 0 throughout because both stationarity tests agree the raw series has no unit root; differencing would remove signal."
04cc25ec5ac9,2026-09-15T20:17:08+0200,harmonic_arima,5161,arima_order,0,"{""aic"": -6096.765161203079, ""aicc"": -6096.579439052225, ""bic"": -5951.41443780945, ""fit_wall_s"": 16.095, ""k_daily"": 6, ""k_weekly"": 2, ""n_params"": 22, ""order"": [3, 0, 1], ""use_log"": true}","fourier(K1=6,K2=2)",nan,101.24064196609848,155.83521425698368,0.2914293353063887,16.097,22,454ebb5,"ARIMA(3, 0, 1) with the AICc-selected harmonics gave validation MAE 101.24, improved validation MAE by 0.22 (0.2%). d is held at 0 throughout because both stationarity tests agree the raw series has no unit root; differencing would remove signal."
b208a4b1386d,2026-09-15T20:18:01+0200,harmonic_arima,5161,arima_order,0,"{""aic"": -6073.577541386896, ""aicc"": -6073.423441221788, ""bic"": -5941.436863478575, ""fit_wall_s"": 9.343, ""k_daily"": 6, ""k_weekly"": 2, ""n_params"": 20, ""order"": [1, 0, 1], ""use_log"": true}","fourier(K1=6,K2=2)",nan,101.3150579768791,156.28991824887876,0.29164354778209794,9.346,20,454ebb5,"ARIMA(1, 0, 1) with the AICc-selected harmonics gave validation MAE 101.32, improved validation MAE by 0.15 (0.1%). d is held at 0 throughout because both stationarity tests agree the raw series has no unit root; differencing would remove signal."
51d197d8a8d3,2026-09-15T20:54:18+0200,lstm,5161,sequence_length,0,"{""batch_size"": 64, ""best_epoch"": 17, ""best_valid_mae_scaled"": 0.07191164791584015, ""dropout"": 0.2, ""epochs_run"": 23, ""fit_wall_s"": 2018.695, ""hidden_size"": 64, ""input_size"": 7, ""learning_rate"": 0.001, ""max_epochs"": 30, ""n_params"": 52033, ""num_layers"": 2, ""patience"": 5, ""seed"": 0, ""sequence_length"": 288, ""stopped_early"": true, ""use_calendar"": true, ""weight_decay"": 0.0}",window+calendar,nan,113.94184290327055,177.76433904034582,0.32799076434150315,2018.817,52033,454ebb5,"sequence_length: sequence_length=288 won 4 candidates with validation MAE 113.94; spread across the axis was 17.5%. first stage, no prior baseline. The axis matters, so it is worth holding this value fixed."
6f1f63105c9a,2026-09-16T11:53:25+0200,lstm,5161,capacity,0,"{""batch_size"": 64, ""best_epoch"": 16, ""best_valid_mae_scaled"": 0.06829789280891418, ""dropout"": 0.2, ""epochs_run"": 22, ""fit_wall_s"": 49678.807, ""hidden_size"": 128, ""input_size"": 7, ""learning_rate"": 0.001, ""max_epochs"": 30, ""n_params"": 202369, ""num_layers"": 2, ""patience"": 5, ""seed"": 0, ""sequence_length"": 288, ""stopped_early"": true, ""use_calendar"": true, ""weight_decay"": 0.0}",window+calendar,nan,103.07459489285363,159.47213210900978,0.2967085163946164,49678.931,202369,454ebb5,"capacity: hidden_size=128, num_layers=2 won 6 candidates with validation MAE 103.07; spread across the axis was 51.4%. improved validation MAE by 10.87 (9.5%). The axis matters, so it is worth holding this value fixed."
e6371d202cb1,2026-09-16T12:36:02+0200,harmonic_arima,5161,fourier_order,0,"{""aic"": -6088.201724749142, ""aicc"": -6088.032183464738, ""bic"": -5949.454012945405, ""fit_wall_s"": 16.462, ""k_daily"": 6, ""k_weekly"": 2, ""n_params"": 21, ""order"": [2, 0, 1], ""use_log"": true}","fourier(K1=6,K2=2)",nan,101.46071393692999,156.26751766350782,0.2920628301848632,16.465,21,454ebb5,"AICc selected K1=6, K2=2 from 15 candidates, spanning -6088 to -5971. K1>=2 was required by the 12-hour spectral peak. Validation MAE 101.46, MASE 0.292. Next: search ARIMA(p,d,q) around the selected harmonics, holding d=0 since ADF and KPSS agree there is no stochastic trend."
dd6d825b89e4,2026-09-16T12:37:05+0200,harmonic_arima,5161,arima_order,0,"{""aic"": -5257.676138400172, ""aicc"": -5257.536740014259, ""bic"": -5132.139021212959, ""fit_wall_s"": 2.859, ""k_daily"": 6, ""k_weekly"": 2, ""n_params"": 19, ""order"": [1, 0, 0], ""use_log"": true}","fourier(K1=6,K2=2)",nan,118.4716471973997,185.4081278616521,0.34103017054112145,2.861,19,454ebb5,"ARIMA(1, 0, 0) with the AICc-selected harmonics gave validation MAE 118.47, worsened validation MAE by 17.01 (16.8%). d is held at 0 throughout because both stationarity tests agree the raw series has no unit root; differencing would remove signal."
57786548d4ef,2026-09-16T12:38:08+0200,harmonic_arima,5161,arima_order,0,"{""aic"": -5754.66343402943, ""aicc"": -5754.509333864323, ""bic"": -5622.5227561211095, ""fit_wall_s"": 4.063, ""k_daily"": 6, ""k_weekly"": 2, ""n_params"": 20, ""order"": [2, 0, 0], ""use_log"": true}","fourier(K1=6,K2=2)",nan,105.58804062779457,165.33590774966274,0.3039436722138357,4.065,20,454ebb5,"ARIMA(2, 0, 0) with the AICc-selected harmonics gave validation MAE 105.59, worsened validation MAE by 4.13 (4.1%). d is held at 0 throughout because both stationarity tests agree the raw series has no unit root; differencing would remove signal."
37f21a352a46,2026-09-16T12:39:28+0200,harmonic_arima,5161,arima_order,0,"{""aic"": -6088.201724749142, ""aicc"": -6088.032183464738, ""bic"": -5949.454012945405, ""fit_wall_s"": 17.336, ""k_daily"": 6, ""k_weekly"": 2, ""n_params"": 21, ""order"": [2, 0, 1], ""use_log"": true}","fourier(K1=6,K2=2)",nan,101.46071393692999,156.26751766350782,0.2920628301848632,17.338,21,454ebb5,"ARIMA(2, 0, 1) with the AICc-selected harmonics gave validation MAE 101.46, no change against the previous stage. d is held at 0 throughout because both stationarity tests agree the raw series has no unit root; differencing would remove signal."
90202a4cc582,2026-09-16T12:41:04+0200,harmonic_arima,5161,arima_order,0,"{""aic"": -6096.765161203079, ""aicc"": -6096.579439052225, ""bic"": -5951.41443780945, ""fit_wall_s"": 18.619, ""k_daily"": 6, ""k_weekly"": 2, ""n_params"": 22, ""order"": [3, 0, 1], ""use_log"": true}","fourier(K1=6,K2=2)",nan,101.24064196609848,155.83521425698368,0.2914293353063887,18.621,22,454ebb5,"ARIMA(3, 0, 1) with the AICc-selected harmonics gave validation MAE 101.24, improved validation MAE by 0.22 (0.2%). d is held at 0 throughout because both stationarity tests agree the raw series has no unit root; differencing would remove signal."
83f6341d2f9c,2026-09-16T12:42:21+0200,harmonic_arima,5161,arima_order,0,"{""aic"": -6073.577541386896, ""aicc"": -6073.423441221788, ""bic"": -5941.436863478575, ""fit_wall_s"": 14.072, ""k_daily"": 6, ""k_weekly"": 2, ""n_params"": 20, ""order"": [1, 0, 1], ""use_log"": true}","fourier(K1=6,K2=2)",nan,101.3150579768791,156.28991824887876,0.29164354778209794,14.075,20,454ebb5,"ARIMA(1, 0, 1) with the AICc-selected harmonics gave validation MAE 101.32, improved validation MAE by 0.15 (0.1%). d is held at 0 throughout because both stationarity tests agree the raw series has no unit root; differencing would remove signal."
0a8788e18a53,2026-09-16T12:42:27+0200,lightgbm,5161,optuna,0,"{""bagging_fraction"": 0.7118273996694524, ""best_iteration"": 107, ""feature_fraction"": 0.7724505914984484, ""fit_wall_s"": 3.726, ""lambda_l2"": 0.006502000785097662, ""learning_rate"": 0.0852084800119005, ""max_lag"": 1008, ""min_child_samples"": 29, ""n_estimators"": 2000, ""n_features"": 21, ""n_lags"": 9, ""n_leaves"": 6874, ""num_leaves"": 70, ""seed"": 0, ""use_calendar"": true, ""use_log"": true}",lags+rolling+calendar,nan,109.83068565762451,172.65964174221423,0.3161564673618389,4.239,6874,454ebb5,"Optuna trial 0: validation MAE 109.83, MASE 0.316, 107 trees after early stopping. Tree parameters are searched jointly because num_leaves, min_child_samples and the sampling fractions trade off against one another; a staged sweep would fix each at a value chosen while the others were wrong."
80fcca0622e6,2026-09-16T12:42:29+0200,lightgbm,5161,optuna,0,"{""bagging_fraction"": 0.8958625190413323, ""best_iteration"": 83, ""feature_fraction"": 0.6917207594128889, ""fit_wall_s"": 1.483, ""lambda_l2"": 0.0005755118598534656, ""learning_rate"": 0.14461835703563009, ""max_lag"": 1008, ""min_child_samples"": 90, ""n_estimators"": 2000, ""n_features"": 21, ""n_lags"": 9, ""n_leaves"": 2647, ""num_leaves"": 51, ""seed"": 0, ""use_calendar"": true, ""use_log"": true}",lags+rolling+calendar,nan,107.93943349462083,168.53562105388116,0.3107123458108762,1.497,2647,454ebb5,"Optuna trial 1: validation MAE 107.94, MASE 0.311, 83 trees after early stopping. Tree parameters are searched jointly because num_leaves, min_child_samples and the sampling fractions trade off against one another; a staged sweep would fix each at a value chosen while the others were wrong."
a1494ff82ea3,2026-09-16T12:42:31+0200,lightgbm,5161,optuna,0,"{""bagging_fraction"": 0.5101091987201629, ""best_iteration"": 38, ""feature_fraction"": 0.5435646498507704, ""fit_wall_s"": 1.748, ""lambda_l2"": 0.31158648353398066, ""learning_rate"": 0.16004016494233675, ""max_lag"": 1008, ""min_child_samples"": 6, ""n_estimators"": 2000, ""n_features"": 21, ""n_lags"": 9, ""n_leaves"": 2726, ""num_leaves"": 74, ""seed"": 0, ""use_calendar"": true, ""use_log"": true}",lags+rolling+calendar,nan,113.68614915642273,174.78396516048446,0.3272547293140799,1.759,2726,454ebb5,"Optuna trial 2: validation MAE 113.69, MASE 0.327, 38 trees after early stopping. Tree parameters are searched jointly because num_leaves, min_child_samples and the sampling fractions trade off against one another; a staged sweep would fix each at a value chosen while the others were wrong."
3161c4201265,2026-09-16T12:42:32+0200,lightgbm,5161,optuna,0,"{""bagging_fraction"": 0.7307396811264659, ""best_iteration"": 100, ""feature_fraction"": 0.8995792821083618, ""fit_wall_s"": 0.697, ""lambda_l2"": 0.10586748269028218, ""learning_rate"": 0.13549145341210658, ""max_lag"": 1008, ""min_child_samples"": 94, ""n_estimators"": 2000, ""n_features"": 21, ""n_lags"": 9, ""n_leaves"": 2510, ""num_leaves"": 135, ""seed"": 0, ""use_calendar"": true, ""use_log"": true}",lags+rolling+calendar,nan,110.41225775155107,172.09851608214348,0.31783056943660165,0.706,2510,454ebb5,"Optuna trial 3: validation MAE 110.41, MASE 0.318, 100 trees after early stopping. Tree parameters are searched jointly because num_leaves, min_child_samples and the sampling fractions trade off against one another; a staged sweep would fix each at a value chosen while the others were wrong."
f88c841fd48f,2026-09-16T12:42:34+0200,lightgbm,5161,optuna,0,"{""bagging_fraction"": 0.7609241608750359, ""best_iteration"": 278, ""feature_fraction"": 0.972334458524792, ""fit_wall_s"": 0.949, ""lambda_l2"": 5.3945777886906086e-05, ""learning_rate"": 0.0680074425948075, ""max_lag"": 1008, ""min_child_samples"": 7, ""n_estimators"": 2000, ""n_features"": 21, ""n_lags"": 9, ""n_leaves"": 5560, ""num_leaves"": 20, ""seed"": 0, ""use_calendar"": true, ""use_log"": true}",lags+rolling+calendar,nan,105.73037827207648,166.72536495615833,0.30435340257761634,0.961,5560,454ebb5,"Optuna trial 4: validation MAE 105.73, MASE 0.304, 278 trees after early stopping. Tree parameters are searched jointly because num_leaves, min_child_samples and the sampling fractions trade off against one another; a staged sweep would fix each at a value chosen while the others were wrong."
ebc08636fa94,2026-09-16T12:42:35+0200,lightgbm,5161,optuna,0,"{""bagging_fraction"": 0.5093949002181776, ""best_iteration"": 132, ""feature_fraction"": 0.7842169744343243, ""fit_wall_s"": 0.605, ""lambda_l2"": 0.003620090882797527, ""learning_rate"": 0.10169538705876567, ""max_lag"": 1008, ""min_child_samples"": 19, ""n_estimators"": 2000, ""n_features"": 21, ""n_lags"": 9, ""n_leaves"": 4054, ""num_leaves"": 31, ""seed"": 0, ""use_calendar"": true, ""use_log"": true}",lags+rolling+calendar,nan,102.11511232207256,161.0677318459243,0.29394656859963475,0.614,4054,454ebb5,"Optuna trial 5: validation MAE 102.12, MASE 0.294, 132 trees after early stopping. Tree parameters are searched jointly because num_leaves, min_child_samples and the sampling fractions trade off against one another; a staged sweep would fix each at a value chosen while the others were wrong."
27bf315d3e74,2026-09-16T12:42:36+0200,lightgbm,5161,optuna,0,"{""bagging_fraction"": 0.679753950286893, ""best_iteration"": 242, ""feature_fraction"": 0.8409101495517417, ""fit_wall_s"": 1.005, ""lambda_l2"": 8.5760555256054e-05, ""learning_rate"": 0.0634818588756315, ""max_lag"": 1008, ""min_child_samples"": 84, ""n_estimators"": 2000, ""n_features"": 21, ""n_lags"": 9, ""n_leaves"": 6371, ""num_leaves"": 84, ""seed"": 0, ""use_calendar"": true, ""use_log"": true}",lags+rolling+calendar,nan,107.32383905011675,167.00702735599273,0.30894030766200503,1.017,6371,454ebb5,"Optuna trial 6: validation MAE 107.32, MASE 0.309, 242 trees after early stopping. Tree parameters are searched jointly because num_leaves, min_child_samples and the sampling fractions trade off against one another; a staged sweep would fix each at a value chosen while the others were wrong."
f59b67618e24,2026-09-16T12:42:47+0200,lightgbm,5161,optuna,0,"{""bagging_fraction"": 0.6051912805369204, ""best_iteration"": 807, ""feature_fraction"": 0.8353189348090797, ""fit_wall_s"": 4.023, ""lambda_l2"": 1.4465607560792659e-07, ""learning_rate"": 0.011977195682764619, ""max_lag"": 1008, ""min_child_samples"": 36, ""n_estimators"": 2000, ""n_features"": 21, ""n_lags"": 9, ""n_leaves"": 41615, ""num_leaves"": 107, ""seed"": 0, ""use_calendar"": true, ""use_log"": true}",lags+rolling+calendar,nan,101.60774676368293,162.68356749751086,0.29248607600923454,4.031,41615,454ebb5,"Optuna trial 7: validation MAE 101.61, MASE 0.292, 807 trees after early stopping. Tree parameters are searched jointly because num_leaves, min_child_samples and the sampling fractions trade off against one another; a staged sweep would fix each at a value chosen while the others were wrong."
f469e3625d1f,2026-09-16T12:43:05+0200,lightgbm,5161,optuna,0,"{""bagging_fraction"": 0.9941869190296131, ""best_iteration"": 551, ""feature_fraction"": 0.7193007567311602, ""fit_wall_s"": 15.028, ""lambda_l2"": 8.287113686365243e-08, ""learning_rate"": 0.029730254214469846, ""max_lag"": 1008, ""min_child_samples"": 26, ""n_estimators"": 2000, ""n_features"": 21, ""n_lags"": 9, ""n_leaves"": 19768, ""num_leaves"": 36, ""seed"": 0, ""use_calendar"": true, ""use_log"": true}",lags+rolling+calendar,nan,103.81529302586652,163.61740823817385,0.2988406755786614,15.055,19768,454ebb5,"Optuna trial 8: validation MAE 103.82, MASE 0.299, 551 trees after early stopping. Tree parameters are searched jointly because num_leaves, min_child_samples and the sampling fractions trade off against one another; a staged sweep would fix each at a value chosen while the others were wrong."
ab453df34268,2026-09-16T12:43:23+0200,lightgbm,5161,optuna,0,"{""bagging_fraction"": 0.7331553864281531, ""best_iteration"": 770, ""feature_fraction"": 0.626645801269891, ""fit_wall_s"": 14.92, ""lambda_l2"": 1.5842741206950525e-06, ""learning_rate"": 0.016213191836360573, ""max_lag"": 1008, ""min_child_samples"": 34, ""n_estimators"": 2000, ""n_features"": 21, ""n_lags"": 9, ""n_leaves"": 19868, ""num_leaves"": 26, ""seed"": 0, ""use_calendar"": true, ""use_log"": true}",lags+rolling+calendar,nan,101.48702377787848,160.274760304617,0.29213856517933506,14.941,19868,454ebb5,"Optuna trial 9: validation MAE 101.49, MASE 0.292, 770 trees after early stopping. Tree parameters are searched jointly because num_leaves, min_child_samples and the sampling fractions trade off against one another; a staged sweep would fix each at a value chosen while the others were wrong."
3e6d5dc0f566,2026-09-16T12:43:46+0200,lightgbm,5161,optuna,0,"{""bagging_fraction"": 0.826689087242568, ""best_iteration"": 727, ""feature_fraction"": 0.5774551978227941, ""fit_wall_s"": 11.469, ""lambda_l2"": 3.985034820345799e-06, ""learning_rate"": 0.010770988508040522, ""max_lag"": 1008, ""min_child_samples"": 12, ""n_estimators"": 2000, ""n_features"": 21, ""n_lags"": 9, ""n_leaves"": 133853, ""num_leaves"": 216, ""seed"": 0, ""use_calendar"": true, ""use_log"": true}",lags+rolling+calendar,nan,100.97993105911796,161.28816561983217,0.2906788579797642,11.485,133853,454ebb5,"Optuna trial 10: validation MAE 100.98, MASE 0.291, 727 trees after early stopping. Tree parameters are searched jointly because num_leaves, min_child_samples and the sampling fractions trade off against one another; a staged sweep would fix each at a value chosen while the others were wrong."
2e38c7d5f8b1,2026-09-16T12:44:10+0200,lightgbm,5161,optuna,0,"{""bagging_fraction"": 0.8269105219888156, ""best_iteration"": 662, ""feature_fraction"": 0.5671478808840378, ""fit_wall_s"": 12.32, ""lambda_l2"": 2.493651269200274e-06, ""learning_rate"": 0.012771746366713516, ""max_lag"": 1008, ""min_child_samples"": 13, ""n_estimators"": 2000, ""n_features"": 21, ""n_lags"": 9, ""n_leaves"": 115071, ""num_leaves"": 201, ""seed"": 0, ""use_calendar"": true, ""use_log"": true}",lags+rolling+calendar,nan,102.08254812516599,161.7920806966807,0.2938528299382141,12.336,115071,454ebb5,"Optuna trial 11: validation MAE 102.08, MASE 0.294, 662 trees after early stopping. Tree parameters are searched jointly because num_leaves, min_child_samples and the sampling fractions trade off against one another; a staged sweep would fix each at a value chosen while the others were wrong."
176a99a503bf,2026-09-16T12:44:30+0200,lightgbm,5161,optuna,0,"{""bagging_fraction"": 0.854602727639553, ""best_iteration"": 374, ""feature_fraction"": 0.6252450597945503, ""fit_wall_s"": 11.182, ""lambda_l2"": 1.8776289393197878e-06, ""learning_rate"": 0.02304205323501926, ""max_lag"": 1008, ""min_child_samples"": 12, ""n_estimators"": 2000, ""n_features"": 21, ""n_lags"": 9, ""n_leaves"": 77108, ""num_leaves"": 255, ""seed"": 0, ""use_calendar"": true, ""use_log"": true}",lags+rolling+calendar,nan,105.22108310046193,166.6446069090313,0.3028873554402613,11.196,77108,454ebb5,"Optuna trial 12: validation MAE 105.22, MASE 0.303, 374 trees after early stopping. Tree parameters are searched jointly because num_leaves, min_child_samples and the sampling fractions trade off against one another; a staged sweep would fix each at a value chosen while the others were wrong."
50b39e8dad62,2026-09-16T12:44:32+0200,lightgbm,5161,optuna,0,"{""bagging_fraction"": 0.9415120242924165, ""best_iteration"": 750, ""feature_fraction"": 0.6264927295367229, ""fit_wall_s"": 1.317, ""lambda_l2"": 1.0465103923677719e-08, ""learning_rate"": 0.019656387899915834, ""max_lag"": 1008, ""min_child_samples"": 52, ""n_estimators"": 2000, ""n_features"": 21, ""n_lags"": 9, ""n_leaves"": 12739, ""num_leaves"": 17, ""seed"": 0, ""use_calendar"": true, ""use_log"": true}",lags+rolling+calendar,nan,103.12486293305001,164.0393109422062,0.2968532169936751,1.325,12739,454ebb5,"Optuna trial 13: validation MAE 103.12, MASE 0.297, 750 trees after early stopping. Tree parameters are searched jointly because num_leaves, min_child_samples and the sampling fractions trade off against one another; a staged sweep would fix each at a value chosen while the others were wrong."
66a9e44a8381,2026-09-16T12:44:41+0200,lightgbm,5161,optuna,0,"{""bagging_fraction"": 0.7985623790970441, ""best_iteration"": 1632, ""feature_fraction"": 0.5077207784137352, ""fit_wall_s"": 4.254, ""lambda_l2"": 5.6450960661122915e-06, ""learning_rate"": 0.010089911130555258, ""max_lag"": 1008, ""min_child_samples"": 13, ""n_estimators"": 2000, ""n_features"": 21, ""n_lags"": 9, ""n_leaves"": 45696, ""num_leaves"": 28, ""seed"": 0, ""use_calendar"": true, ""use_log"": true}",lags+rolling+calendar,nan,101.54340839295918,161.42497619048518,0.29230087283143374,4.261,45696,454ebb5,"Optuna trial 14: validation MAE 101.54, MASE 0.292, 1632 trees after early stopping. Tree parameters are searched jointly because num_leaves, min_child_samples and the sampling fractions trade off against one another; a staged sweep would fix each at a value chosen while the others were wrong."
6a2ecf4948a5,2026-09-16T12:44:42+0200,lightgbm,5161,optuna,0,"{""bagging_fraction"": 0.6443328186929917, ""best_iteration"": 199, ""feature_fraction"": 0.6289470205762002, ""fit_wall_s"": 1.039, ""lambda_l2"": 1.7130226897534067e-05, ""learning_rate"": 0.03840422593788895, ""max_lag"": 1008, ""min_child_samples"": 48, ""n_estimators"": 2000, ""n_features"": 21, ""n_lags"": 9, ""n_leaves"": 8026, ""num_leaves"": 47, ""seed"": 0, ""use_calendar"": true, ""use_log"": true}",lags+rolling+calendar,nan,102.64766065823304,164.45084002541054,0.29547955184244884,1.052,8026,454ebb5,"Optuna trial 15: validation MAE 102.65, MASE 0.295, 199 trees after early stopping. Tree parameters are searched jointly because num_leaves, min_child_samples and the sampling fractions trade off against one another; a staged sweep would fix each at a value chosen while the others were wrong."
3f02aac36d8b,2026-09-16T12:44:58+0200,lightgbm,5161,optuna,0,"{""bagging_fraction"": 0.779567311659198, ""best_iteration"": 507, ""feature_fraction"": 0.6797314033030373, ""fit_wall_s"": 8.764, ""lambda_l2"": 3.1903377577414195e-07, ""learning_rate"": 0.01686734769910219, ""max_lag"": 1008, ""min_child_samples"": 9, ""n_estimators"": 2000, ""n_features"": 21, ""n_lags"": 9, ""n_leaves"": 74925, ""num_leaves"": 159, ""seed"": 0, ""use_calendar"": true, ""use_log"": true}",lags+rolling+calendar,nan,102.33653529735818,160.76726869565374,0.2945839524531534,8.772,74925,454ebb5,"Optuna trial 16: validation MAE 102.34, MASE 0.295, 507 trees after early stopping. Tree parameters are searched jointly because num_leaves, min_child_samples and the sampling fractions trade off against one another; a staged sweep would fix each at a value chosen while the others were wrong."
6fc24972c4ac,2026-09-16T12:45:03+0200,lightgbm,5161,optuna,0,"{""bagging_fraction"": 0.88692806470255, ""best_iteration"": 1057, ""feature_fraction"": 0.5605973217846585, ""fit_wall_s"": 2.364, ""lambda_l2"": 1.4217017667729188e-08, ""learning_rate"": 0.01563732439979116, ""max_lag"": 1008, ""min_child_samples"": 19, ""n_estimators"": 2000, ""n_features"": 21, ""n_lags"": 9, ""n_leaves"": 24311, ""num_leaves"": 23, ""seed"": 0, ""use_calendar"": true, ""use_log"": true}",lags+rolling+calendar,nan,102.52001797174279,162.4609453565198,0.29511212209725785,2.382,24311,454ebb5,"Optuna trial 17: validation MAE 102.52, MASE 0.295, 1057 trees after early stopping. Tree parameters are searched jointly because num_leaves, min_child_samples and the sampling fractions trade off against one another; a staged sweep would fix each at a value chosen while the others were wrong."
587d0df216d1,2026-09-16T12:45:04+0200,lightgbm,5161,optuna,0,"{""bagging_fraction"": 0.5993839564932044, ""best_iteration"": 507, ""feature_fraction"": 0.6019693597403871, ""fit_wall_s"": 0.792, ""lambda_l2"": 0.0005483663339949208, ""learning_rate"": 0.03002091450756313, ""max_lag"": 1008, ""min_child_samples"": 5, ""n_estimators"": 2000, ""n_features"": 21, ""n_lags"": 9, ""n_leaves"": 7605, ""num_leaves"": 15, ""seed"": 0, ""use_calendar"": true, ""use_log"": true}",lags+rolling+calendar,nan,100.49164763721974,159.07073467215065,0.28927329485490205,0.802,7605,454ebb5,"Optuna trial 18: validation MAE 100.49, MASE 0.289, 507 trees after early stopping. Tree parameters are searched jointly because num_leaves, min_child_samples and the sampling fractions trade off against one another; a staged sweep would fix each at a value chosen while the others were wrong."
f97582ce078a,2026-09-16T12:45:06+0200,lightgbm,5161,optuna,0,"{""bagging_fraction"": 0.5900564671168536, ""best_iteration"": 225, ""feature_fraction"": 0.5827078542816859, ""fit_wall_s"": 0.997, ""lambda_l2"": 2.1666107965533303, ""learning_rate"": 0.04025945414733045, ""max_lag"": 1008, ""min_child_samples"": 5, ""n_estimators"": 2000, ""n_features"": 21, ""n_lags"": 9, ""n_leaves"": 9637, ""num_leaves"": 43, ""seed"": 0, ""use_calendar"": true, ""use_log"": true}",lags+rolling+calendar,nan,102.70274555625298,162.95367363252421,0.2956381181543925,1.007,9637,454ebb5,"Optuna trial 19: validation MAE 102.70, MASE 0.296, 225 trees after early stopping. Tree parameters are searched jointly because num_leaves, min_child_samples and the sampling fractions trade off against one another; a staged sweep would fix each at a value chosen while the others were wrong."
df6ee18685fc,2026-09-16T12:45:10+0200,lightgbm,5161,optuna,0,"{""bagging_fraction"": 0.5762277687005938, ""best_iteration"": 952, ""feature_fraction"": 0.6625908543222642, ""fit_wall_s"": 1.865, ""lambda_l2"": 0.0009899760639952575, ""learning_rate"": 0.0251700667520545, ""max_lag"": 1008, ""min_child_samples"": 8, ""n_estimators"": 2000, ""n_features"": 21, ""n_lags"": 9, ""n_leaves"": 15232, ""num_leaves"": 16, ""seed"": 0, ""use_calendar"": true, ""use_log"": true}",lags+rolling+calendar,nan,104.0310985473749,165.39469212171818,0.29946188913941396,1.876,15232,454ebb5,"Optuna trial 20: validation MAE 104.03, MASE 0.299, 952 trees after early stopping. Tree parameters are searched jointly because num_leaves, min_child_samples and the sampling fractions trade off against one another; a staged sweep would fix each at a value chosen while the others were wrong."
4925b12c31ca,2026-09-16T12:45:13+0200,lightgbm,5161,optuna,0,"{""bagging_fraction"": 0.6738681637582683, ""best_iteration"": 487, ""feature_fraction"": 0.5028778748943223, ""fit_wall_s"": 1.709, ""lambda_l2"": 7.264999823302096e-07, ""learning_rate"": 0.032033209000177414, ""max_lag"": 1008, ""min_child_samples"": 5, ""n_estimators"": 2000, ""n_features"": 21, ""n_lags"": 9, ""n_leaves"": 11201, ""num_leaves"": 23, ""seed"": 0, ""use_calendar"": true, ""use_log"": true}",lags+rolling+calendar,nan,102.74567718579466,162.05518511322168,0.2957617003049792,1.718,11201,454ebb5,"Optuna trial 21: validation MAE 102.75, MASE 0.296, 487 trees after early stopping. Tree parameters are searched jointly because num_leaves, min_child_samples and the sampling fractions trade off against one another; a staged sweep would fix each at a value chosen while the others were wrong."
992996bad41f,2026-09-16T12:45:16+0200,lightgbm,5161,optuna,0,"{""bagging_fraction"": 0.8144670381612914, ""best_iteration"": 875, ""feature_fraction"": 0.602924541294499, ""fit_wall_s"": 1.66, ""lambda_l2"": 8.068483631998835e-05, ""learning_rate"": 0.01527268934209887, ""max_lag"": 1008, ""min_child_samples"": 10, ""n_estimators"": 2000, ""n_features"": 21, ""n_lags"": 9, ""n_leaves"": 14000, ""num_leaves"": 16, ""seed"": 0, ""use_calendar"": true, ""use_log"": true}",lags+rolling+calendar,nan,102.17170825586061,161.11095737438646,0.2941094845496385,1.667,14000,454ebb5,"Optuna trial 22: validation MAE 102.17, MASE 0.294, 875 trees after early stopping. Tree parameters are searched jointly because num_leaves, min_child_samples and the sampling fractions trade off against one another; a staged sweep would fix each at a value chosen while the others were wrong."
cdd838e74b46,2026-09-16T12:45:24+0200,lightgbm,5161,optuna,0,"{""bagging_fraction"": 0.552862489928244, ""best_iteration"": 1226, ""feature_fraction"": 0.7239876097774942, ""fit_wall_s"": 4.91, ""lambda_l2"": 1.1692536487987723e-05, ""learning_rate"": 0.01044042586319771, ""max_lag"": 1008, ""min_child_samples"": 17, ""n_estimators"": 2000, ""n_features"": 21, ""n_lags"": 9, ""n_leaves"": 31784, ""num_leaves"": 26, ""seed"": 0, ""use_calendar"": true, ""use_log"": true}",lags+rolling+calendar,nan,101.23971169182633,161.23628084296314,0.2914266574370319,4.921,31784,454ebb5,"Optuna trial 23: validation MAE 101.24, MASE 0.291, 1226 trees after early stopping. Tree parameters are searched jointly because num_leaves, min_child_samples and the sampling fractions trade off against one another; a staged sweep would fix each at a value chosen while the others were wrong."
85a1a96aa7a1,2026-09-16T12:45:35+0200,lightgbm,5161,optuna,0,"{""bagging_fraction"": 0.5428703441391138, ""best_iteration"": 791, ""feature_fraction"": 0.7322317487118007, ""fit_wall_s"": 5.198, ""lambda_l2"": 0.026432155992306958, ""learning_rate"": 0.01041956289150468, ""max_lag"": 1008, ""min_child_samples"": 17, ""n_estimators"": 2000, ""n_features"": 21, ""n_lags"": 9, ""n_leaves"": 69151, ""num_leaves"": 100, ""seed"": 0, ""use_calendar"": true, ""use_log"": true}",lags+rolling+calendar,nan,100.4148253258227,159.17430563308477,0.2890521556492198,5.206,69151,454ebb5,"Optuna trial 24: validation MAE 100.41, MASE 0.289, 791 trees after early stopping. Tree parameters are searched jointly because num_leaves, min_child_samples and the sampling fractions trade off against one another; a staged sweep would fix each at a value chosen while the others were wrong."
e3f732693a06,2026-09-16T12:45:37+0200,lightgbm,5161,optuna,0,"{""bagging_fraction"": 0.5432946300133127, ""best_iteration"": 123, ""feature_fraction"": 0.8193575567427197, ""fit_wall_s"": 1.297, ""lambda_l2"": 0.011114412112846906, ""learning_rate"": 0.052940707726579744, ""max_lag"": 1008, ""min_child_samples"": 16, ""n_estimators"": 2000, ""n_features"": 21, ""n_lags"": 9, ""n_leaves"": 10182, ""num_leaves"": 96, ""seed"": 0, ""use_calendar"": true, ""use_log"": true}",lags+rolling+calendar,nan,102.85011185462321,163.5310899623744,0.29606232390365056,1.303,10182,454ebb5,"Optuna trial 25: validation MAE 102.85, MASE 0.296, 123 trees after early stopping. Tree parameters are searched jointly because num_leaves, min_child_samples and the sampling fractions trade off against one another; a staged sweep would fix each at a value chosen while the others were wrong."
ec3b05c6e410,2026-09-16T12:45:43+0200,lightgbm,5161,optuna,0,"{""bagging_fraction"": 0.6200610307657946, ""best_iteration"": 390, ""feature_fraction"": 0.8911663952237369, ""fit_wall_s"": 2.681, ""lambda_l2"": 0.03930724690409375, ""learning_rate"": 0.021336498937835565, ""max_lag"": 1008, ""min_child_samples"": 23, ""n_estimators"": 2000, ""n_features"": 21, ""n_lags"": 9, ""n_leaves"": 31069, ""num_leaves"": 147, ""seed"": 0, ""use_calendar"": true, ""use_log"": true}",lags+rolling+calendar,nan,100.55163268827809,159.7838371968524,0.28944596665170974,2.688,31069,454ebb5,"Optuna trial 26: validation MAE 100.55, MASE 0.289, 390 trees after early stopping. Tree parameters are searched jointly because num_leaves, min_child_samples and the sampling fractions trade off against one another; a staged sweep would fix each at a value chosen while the others were wrong."
a355a4fb0206,2026-09-16T12:45:52+0200,lightgbm,5161,optuna,0,"{""bagging_fraction"": 0.627982183840184, ""best_iteration"": 403, ""feature_fraction"": 0.9999839467266133, ""fit_wall_s"": 5.231, ""lambda_l2"": 0.10185467308259895, ""learning_rate"": 0.021384758555155745, ""max_lag"": 1008, ""min_child_samples"": 23, ""n_estimators"": 2000, ""n_features"": 21, ""n_lags"": 9, ""n_leaves"": 32535, ""num_leaves"": 132, ""seed"": 0, ""use_calendar"": true, ""use_log"": true}",lags+rolling+calendar,nan,102.52106529455763,163.0466702161088,0.29511513690026436,5.237,32535,454ebb5,"Optuna trial 27: validation MAE 102.52, MASE 0.295, 403 trees after early stopping. Tree parameters are searched jointly because num_leaves, min_child_samples and the sampling fractions trade off against one another; a staged sweep would fix each at a value chosen while the others were wrong."
596f4273b0d4,2026-09-16T12:45:59+0200,lightgbm,5161,optuna,0,"{""bagging_fraction"": 0.6480709665607669, ""best_iteration"": 455, ""feature_fraction"": 0.9033885653733681, ""fit_wall_s"": 4.798, ""lambda_l2"": 0.023880212634354192, ""learning_rate"": 0.026068497871966276, ""max_lag"": 1008, ""min_child_samples"": 50, ""n_estimators"": 2000, ""n_features"": 21, ""n_lags"": 9, ""n_leaves"": 18614, ""num_leaves"": 57, ""seed"": 0, ""use_calendar"": true, ""use_log"": true}",lags+rolling+calendar,nan,104.1773108558653,165.45764379613462,0.29988277303593486,4.809,18614,454ebb5,"Optuna trial 28: validation MAE 104.18, MASE 0.300, 455 trees after early stopping. Tree parameters are searched jointly because num_leaves, min_child_samples and the sampling fractions trade off against one another; a staged sweep would fix each at a value chosen while the others were wrong."
77f6d3558d9f,2026-09-16T12:46:08+0200,lightgbm,5161,optuna,0,"{""bagging_fraction"": 0.6961621596774974, ""best_iteration"": 320, ""feature_fraction"": 0.7636285304337359, ""fit_wall_s"": 6.133, ""lambda_l2"": 4.502028192650841, ""learning_rate"": 0.034488916163203646, ""max_lag"": 1008, ""min_child_samples"": 31, ""n_estimators"": 2000, ""n_features"": 21, ""n_lags"": 9, ""n_leaves"": 19194, ""num_leaves"": 68, ""seed"": 0, ""use_calendar"": true, ""use_log"": true}",lags+rolling+calendar,nan,100.40335037884962,160.0332914289505,0.28901912409090397,6.146,19194,454ebb5,"Optuna trial 29: validation MAE 100.40, MASE 0.289, 320 trees after early stopping. Tree parameters are searched jointly because num_leaves, min_child_samples and the sampling fractions trade off against one another; a staged sweep would fix each at a value chosen while the others were wrong."
15c7c3a2d6cb,2026-09-16T12:48:27+0200,lightgbm,5161,optuna,0,"{""bagging_fraction"": 0.7118273996694524, ""best_iteration"": 107, ""feature_fraction"": 0.7724505914984484, ""fit_wall_s"": 0.557, ""lambda_l2"": 0.006502000785097662, ""learning_rate"": 0.0852084800119005, ""max_lag"": 1008, ""min_child_samples"": 29, ""n_estimators"": 2000, ""n_features"": 21, ""n_lags"": 9, ""n_leaves"": 6874, ""num_leaves"": 70, ""seed"": 0, ""use_calendar"": true, ""use_log"": true}",lags+rolling+calendar,nan,109.83068565762451,172.65964174221423,0.3161564673618389,2.294,6874,454ebb5,"Optuna trial 0: validation MAE 109.83, MASE 0.316, 107 trees after early stopping. Tree parameters are searched jointly because num_leaves, min_child_samples and the sampling fractions trade off against one another; a staged sweep would fix each at a value chosen while the others were wrong."
6336db3d2efa,2026-09-16T12:48:27+0200,lightgbm,5161,optuna,0,"{""bagging_fraction"": 0.8958625190413323, ""best_iteration"": 83, ""feature_fraction"": 0.6917207594128889, ""fit_wall_s"": 0.234, ""lambda_l2"": 0.0005755118598534656, ""learning_rate"": 0.14461835703563009, ""max_lag"": 1008, ""min_child_samples"": 90, ""n_estimators"": 2000, ""n_features"": 21, ""n_lags"": 9, ""n_leaves"": 2647, ""num_leaves"": 51, ""seed"": 0, ""use_calendar"": true, ""use_log"": true}",lags+rolling+calendar,nan,107.93943349462083,168.53562105388116,0.3107123458108762,0.24,2647,454ebb5,"Optuna trial 1: validation MAE 107.94, MASE 0.311, 83 trees after early stopping. Tree parameters are searched jointly because num_leaves, min_child_samples and the sampling fractions trade off against one another; a staged sweep would fix each at a value chosen while the others were wrong."
b16f6ea673b3,2026-09-16T12:48:28+0200,lightgbm,5161,optuna,0,"{""bagging_fraction"": 0.5101091987201629, ""best_iteration"": 38, ""feature_fraction"": 0.5435646498507704, ""fit_wall_s"": 0.456, ""lambda_l2"": 0.31158648353398066, ""learning_rate"": 0.16004016494233675, ""max_lag"": 1008, ""min_child_samples"": 6, ""n_estimators"": 2000, ""n_features"": 21, ""n_lags"": 9, ""n_leaves"": 2726, ""num_leaves"": 74, ""seed"": 0, ""use_calendar"": true, ""use_log"": true}",lags+rolling+calendar,nan,113.68614915642273,174.78396516048446,0.3272547293140799,0.462,2726,454ebb5,"Optuna trial 2: validation MAE 113.69, MASE 0.327, 38 trees after early stopping. Tree parameters are searched jointly because num_leaves, min_child_samples and the sampling fractions trade off against one another; a staged sweep would fix each at a value chosen while the others were wrong."
4b0c6a7a24d0,2026-09-16T12:48:29+0200,lightgbm,5161,optuna,0,"{""bagging_fraction"": 0.7307396811264659, ""best_iteration"": 100, ""feature_fraction"": 0.8995792821083618, ""fit_wall_s"": 0.327, ""lambda_l2"": 0.10586748269028218, ""learning_rate"": 0.13549145341210658, ""max_lag"": 1008, ""min_child_samples"": 94, ""n_estimators"": 2000, ""n_features"": 21, ""n_lags"": 9, ""n_leaves"": 2510, ""num_leaves"": 135, ""seed"": 0, ""use_calendar"": true, ""use_log"": true}",lags+rolling+calendar,nan,110.41225775155107,172.09851608214348,0.31783056943660165,0.334,2510,454ebb5,"Optuna trial 3: validation MAE 110.41, MASE 0.318, 100 trees after early stopping. Tree parameters are searched jointly because num_leaves, min_child_samples and the sampling fractions trade off against one another; a staged sweep would fix each at a value chosen while the others were wrong."
3cfc5ca92108,2026-09-16T12:48:30+0200,lightgbm,5161,optuna,0,"{""bagging_fraction"": 0.7609241608750359, ""best_iteration"": 278, ""feature_fraction"": 0.972334458524792, ""fit_wall_s"": 0.549, ""lambda_l2"": 5.3945777886906086e-05, ""learning_rate"": 0.0680074425948075, ""max_lag"": 1008, ""min_child_samples"": 7, ""n_estimators"": 2000, ""n_features"": 21, ""n_lags"": 9, ""n_leaves"": 5560, ""num_leaves"": 20, ""seed"": 0, ""use_calendar"": true, ""use_log"": true}",lags+rolling+calendar,nan,105.73037827207648,166.72536495615833,0.30435340257761634,0.559,5560,454ebb5,"Optuna trial 4: validation MAE 105.73, MASE 0.304, 278 trees after early stopping. Tree parameters are searched jointly because num_leaves, min_child_samples and the sampling fractions trade off against one another; a staged sweep would fix each at a value chosen while the others were wrong."
4630cfa5824c,2026-09-16T12:48:31+0200,lightgbm,5161,optuna,0,"{""bagging_fraction"": 0.5093949002181776, ""best_iteration"": 132, ""feature_fraction"": 0.7842169744343243, ""fit_wall_s"": 0.422, ""lambda_l2"": 0.003620090882797527, ""learning_rate"": 0.10169538705876567, ""max_lag"": 1008, ""min_child_samples"": 19, ""n_estimators"": 2000, ""n_features"": 21, ""n_lags"": 9, ""n_leaves"": 4054, ""num_leaves"": 31, ""seed"": 0, ""use_calendar"": true, ""use_log"": true}",lags+rolling+calendar,nan,102.11511232207256,161.0677318459243,0.29394656859963475,0.429,4054,454ebb5,"Optuna trial 5: validation MAE 102.12, MASE 0.294, 132 trees after early stopping. Tree parameters are searched jointly because num_leaves, min_child_samples and the sampling fractions trade off against one another; a staged sweep would fix each at a value chosen while the others were wrong."
4520c2f92bd4,2026-09-16T12:48:32+0200,lightgbm,5161,optuna,0,"{""bagging_fraction"": 0.679753950286893, ""best_iteration"": 242, ""feature_fraction"": 0.8409101495517417, ""fit_wall_s"": 0.956, ""lambda_l2"": 8.5760555256054e-05, ""learning_rate"": 0.0634818588756315, ""max_lag"": 1008, ""min_child_samples"": 84, ""n_estimators"": 2000, ""n_features"": 21, ""n_lags"": 9, ""n_leaves"": 6371, ""num_leaves"": 84, ""seed"": 0, ""use_calendar"": true, ""use_log"": true}",lags+rolling+calendar,nan,107.32383905011675,167.00702735599273,0.30894030766200503,0.965,6371,454ebb5,"Optuna trial 6: validation MAE 107.32, MASE 0.309, 242 trees after early stopping. Tree parameters are searched jointly because num_leaves, min_child_samples and the sampling fractions trade off against one another; a staged sweep would fix each at a value chosen while the others were wrong."
6d10e69a57ac,2026-09-16T12:48:41+0200,lightgbm,5161,optuna,0,"{""bagging_fraction"": 0.6051912805369204, ""best_iteration"": 807, ""feature_fraction"": 0.8353189348090797, ""fit_wall_s"": 5.09, ""lambda_l2"": 1.4465607560792659e-07, ""learning_rate"": 0.011977195682764619, ""max_lag"": 1008, ""min_child_samples"": 36, ""n_estimators"": 2000, ""n_features"": 21, ""n_lags"": 9, ""n_leaves"": 41615, ""num_leaves"": 107, ""seed"": 0, ""use_calendar"": true, ""use_log"": true}",lags+rolling+calendar,nan,101.60774676368293,162.68356749751086,0.29248607600923454,5.097,41615,454ebb5,"Optuna trial 7: validation MAE 101.61, MASE 0.292, 807 trees after early stopping. Tree parameters are searched jointly because num_leaves, min_child_samples and the sampling fractions trade off against one another; a staged sweep would fix each at a value chosen while the others were wrong."
28cecf5733b0,2026-09-16T12:48:44+0200,lightgbm,5161,optuna,0,"{""bagging_fraction"": 0.9941869190296131, ""best_iteration"": 551, ""feature_fraction"": 0.7193007567311602, ""fit_wall_s"": 1.339, ""lambda_l2"": 8.287113686365243e-08, ""learning_rate"": 0.029730254214469846, ""max_lag"": 1008, ""min_child_samples"": 26, ""n_estimators"": 2000, ""n_features"": 21, ""n_lags"": 9, ""n_leaves"": 19768, ""num_leaves"": 36, ""seed"": 0, ""use_calendar"": true, ""use_log"": true}",lags+rolling+calendar,nan,103.81529302586652,163.61740823817385,0.2988406755786614,1.346,19768,454ebb5,"Optuna trial 8: validation MAE 103.82, MASE 0.299, 551 trees after early stopping. Tree parameters are searched jointly because num_leaves, min_child_samples and the sampling fractions trade off against one another; a staged sweep would fix each at a value chosen while the others were wrong."
22db2eb5350a,2026-09-16T12:48:52+0200,lightgbm,5161,optuna,0,"{""bagging_fraction"": 0.7331553864281531, ""best_iteration"": 770, ""feature_fraction"": 0.626645801269891, ""fit_wall_s"": 5.454, ""lambda_l2"": 1.5842741206950525e-06, ""learning_rate"": 0.016213191836360573, ""max_lag"": 1008, ""min_child_samples"": 34, ""n_estimators"": 2000, ""n_features"": 21, ""n_lags"": 9, ""n_leaves"": 19868, ""num_leaves"": 26, ""seed"": 0, ""use_calendar"": true, ""use_log"": true}",lags+rolling+calendar,nan,101.48702377787848,160.274760304617,0.29213856517933506,5.463,19868,454ebb5,"Optuna trial 9: validation MAE 101.49, MASE 0.292, 770 trees after early stopping. Tree parameters are searched jointly because num_leaves, min_child_samples and the sampling fractions trade off against one another; a staged sweep would fix each at a value chosen while the others were wrong."
51dc43ca3418,2026-09-16T12:49:11+0200,lightgbm,5161,optuna,0,"{""bagging_fraction"": 0.826689087242568, ""best_iteration"": 727, ""feature_fraction"": 0.5774551978227941, ""fit_wall_s"": 6.032, ""lambda_l2"": 3.985034820345799e-06, ""learning_rate"": 0.010770988508040522, ""max_lag"": 1008, ""min_child_samples"": 12, ""n_estimators"": 2000, ""n_features"": 21, ""n_lags"": 9, ""n_leaves"": 133853, ""num_leaves"": 216, ""seed"": 0, ""use_calendar"": true, ""use_log"": true}",lags+rolling+calendar,nan,100.97993105911796,161.28816561983217,0.2906788579797642,6.041,133853,454ebb5,"Optuna trial 10: validation MAE 100.98, MASE 0.291, 727 trees after early stopping. Tree parameters are searched jointly because num_leaves, min_child_samples and the sampling fractions trade off against one another; a staged sweep would fix each at a value chosen while the others were wrong."
134f28b8251f,2026-09-16T12:49:29+0200,lightgbm,5161,optuna,0,"{""bagging_fraction"": 0.8269105219888156, ""best_iteration"": 662, ""feature_fraction"": 0.5671478808840378, ""fit_wall_s"": 8.713, ""lambda_l2"": 2.493651269200274e-06, ""learning_rate"": 0.012771746366713516, ""max_lag"": 1008, ""min_child_samples"": 13, ""n_estimators"": 2000, ""n_features"": 21, ""n_lags"": 9, ""n_leaves"": 115071, ""num_leaves"": 201, ""seed"": 0, ""use_calendar"": true, ""use_log"": true}",lags+rolling+calendar,nan,102.08254812516599,161.7920806966807,0.2938528299382141,8.723,115071,454ebb5,"Optuna trial 11: validation MAE 102.08, MASE 0.294, 662 trees after early stopping. Tree parameters are searched jointly because num_leaves, min_child_samples and the sampling fractions trade off against one another; a staged sweep would fix each at a value chosen while the others were wrong."
16f67d1d1184,2026-09-16T12:49:41+0200,lightgbm,5161,optuna,0,"{""bagging_fraction"": 0.854602727639553, ""best_iteration"": 374, ""feature_fraction"": 0.6252450597945503, ""fit_wall_s"": 4.658, ""lambda_l2"": 1.8776289393197878e-06, ""learning_rate"": 0.02304205323501926, ""max_lag"": 1008, ""min_child_samples"": 12, ""n_estimators"": 2000, ""n_features"": 21, ""n_lags"": 9, ""n_leaves"": 77108, ""num_leaves"": 255, ""seed"": 0, ""use_calendar"": true, ""use_log"": true}",lags+rolling+calendar,nan,105.22108310046193,166.6446069090313,0.3028873554402613,4.668,77108,454ebb5,"Optuna trial 12: validation MAE 105.22, MASE 0.303, 374 trees after early stopping. Tree parameters are searched jointly because num_leaves, min_child_samples and the sampling fractions trade off against one another; a staged sweep would fix each at a value chosen while the others were wrong."
531cf9bb4e23,2026-09-16T12:49:43+0200,lightgbm,5161,optuna,0,"{""bagging_fraction"": 0.9415120242924165, ""best_iteration"": 750, ""feature_fraction"": 0.6264927295367229, ""fit_wall_s"": 0.91, ""lambda_l2"": 1.0465103923677719e-08, ""learning_rate"": 0.019656387899915834, ""max_lag"": 1008, ""min_child_samples"": 52, ""n_estimators"": 2000, ""n_features"": 21, ""n_lags"": 9, ""n_leaves"": 12739, ""num_leaves"": 17, ""seed"": 0, ""use_calendar"": true, ""use_log"": true}",lags+rolling+calendar,nan,103.12486293305001,164.0393109422062,0.2968532169936751,0.92,12739,454ebb5,"Optuna trial 13: validation MAE 103.12, MASE 0.297, 750 trees after early stopping. Tree parameters are searched jointly because num_leaves, min_child_samples and the sampling fractions trade off against one another; a staged sweep would fix each at a value chosen while the others were wrong."
fe29711c6664,2026-09-16T12:49:51+0200,lightgbm,5161,optuna,0,"{""bagging_fraction"": 0.7985623790970441, ""best_iteration"": 1632, ""feature_fraction"": 0.5077207784137352, ""fit_wall_s"": 3.078, ""lambda_l2"": 5.6450960661122915e-06, ""learning_rate"": 0.010089911130555258, ""max_lag"": 1008, ""min_child_samples"": 13, ""n_estimators"": 2000, ""n_features"": 21, ""n_lags"": 9, ""n_leaves"": 45696, ""num_leaves"": 28, ""seed"": 0, ""use_calendar"": true, ""use_log"": true}",lags+rolling+calendar,nan,101.54340839295918,161.42497619048518,0.29230087283143374,3.091,45696,454ebb5,"Optuna trial 14: validation MAE 101.54, MASE 0.292, 1632 trees after early stopping. Tree parameters are searched jointly because num_leaves, min_child_samples and the sampling fractions trade off against one another; a staged sweep would fix each at a value chosen while the others were wrong."
92df4859bc30,2026-09-16T12:49:53+0200,lightgbm,5161,optuna,0,"{""bagging_fraction"": 0.6443328186929917, ""best_iteration"": 199, ""feature_fraction"": 0.6289470205762002, ""fit_wall_s"": 0.598, ""lambda_l2"": 1.7130226897534067e-05, ""learning_rate"": 0.03840422593788895, ""max_lag"": 1008, ""min_child_samples"": 48, ""n_estimators"": 2000, ""n_features"": 21, ""n_lags"": 9, ""n_leaves"": 8026, ""num_leaves"": 47, ""seed"": 0, ""use_calendar"": true, ""use_log"": true}",lags+rolling+calendar,nan,102.64766065823304,164.45084002541054,0.29547955184244884,0.609,8026,454ebb5,"Optuna trial 15: validation MAE 102.65, MASE 0.295, 199 trees after early stopping. Tree parameters are searched jointly because num_leaves, min_child_samples and the sampling fractions trade off against one another; a staged sweep would fix each at a value chosen while the others were wrong."
14717a05e0bd,2026-09-16T12:50:04+0200,lightgbm,5161,optuna,0,"{""bagging_fraction"": 0.779567311659198, ""best_iteration"": 507, ""feature_fraction"": 0.6797314033030373, ""fit_wall_s"": 4.121, ""lambda_l2"": 3.1903377577414195e-07, ""learning_rate"": 0.01686734769910219, ""max_lag"": 1008, ""min_child_samples"": 9, ""n_estimators"": 2000, ""n_features"": 21, ""n_lags"": 9, ""n_leaves"": 74925, ""num_leaves"": 159, ""seed"": 0, ""use_calendar"": true, ""use_log"": true}",lags+rolling+calendar,nan,102.33653529735818,160.76726869565374,0.2945839524531534,4.13,74925,454ebb5,"Optuna trial 16: validation MAE 102.34, MASE 0.295, 507 trees after early stopping. Tree parameters are searched jointly because num_leaves, min_child_samples and the sampling fractions trade off against one another; a staged sweep would fix each at a value chosen while the others were wrong."
4cd915f506ee,2026-09-16T12:50:08+0200,lightgbm,5161,optuna,0,"{""bagging_fraction"": 0.88692806470255, ""best_iteration"": 1057, ""feature_fraction"": 0.5605973217846585, ""fit_wall_s"": 1.744, ""lambda_l2"": 1.4217017667729188e-08, ""learning_rate"": 0.01563732439979116, ""max_lag"": 1008, ""min_child_samples"": 19, ""n_estimators"": 2000, ""n_features"": 21, ""n_lags"": 9, ""n_leaves"": 24311, ""num_leaves"": 23, ""seed"": 0, ""use_calendar"": true, ""use_log"": true}",lags+rolling+calendar,nan,102.52001797174279,162.4609453565198,0.29511212209725785,1.754,24311,454ebb5,"Optuna trial 17: validation MAE 102.52, MASE 0.295, 1057 trees after early stopping. Tree parameters are searched jointly because num_leaves, min_child_samples and the sampling fractions trade off against one another; a staged sweep would fix each at a value chosen while the others were wrong."
1ce3eaf6eb3b,2026-09-16T12:50:09+0200,lightgbm,5161,optuna,0,"{""bagging_fraction"": 0.5993839564932044, ""best_iteration"": 507, ""feature_fraction"": 0.6019693597403871, ""fit_wall_s"": 0.61, ""lambda_l2"": 0.0005483663339949208, ""learning_rate"": 0.03002091450756313, ""max_lag"": 1008, ""min_child_samples"": 5, ""n_estimators"": 2000, ""n_features"": 21, ""n_lags"": 9, ""n_leaves"": 7605, ""num_leaves"": 15, ""seed"": 0, ""use_calendar"": true, ""use_log"": true}",lags+rolling+calendar,nan,100.49164763721974,159.07073467215065,0.28927329485490205,0.617,7605,454ebb5,"Optuna trial 18: validation MAE 100.49, MASE 0.289, 507 trees after early stopping. Tree parameters are searched jointly because num_leaves, min_child_samples and the sampling fractions trade off against one another; a staged sweep would fix each at a value chosen while the others were wrong."
db624d3f43e2,2026-09-16T12:50:11+0200,lightgbm,5161,optuna,0,"{""bagging_fraction"": 0.5900564671168536, ""best_iteration"": 225, ""feature_fraction"": 0.5827078542816859, ""fit_wall_s"": 0.708, ""lambda_l2"": 2.1666107965533303, ""learning_rate"": 0.04025945414733045, ""max_lag"": 1008, ""min_child_samples"": 5, ""n_estimators"": 2000, ""n_features"": 21, ""n_lags"": 9, ""n_leaves"": 9637, ""num_leaves"": 43, ""seed"": 0, ""use_calendar"": true, ""use_log"": true}",lags+rolling+calendar,nan,102.70274555625298,162.95367363252421,0.2956381181543925,0.715,9637,454ebb5,"Optuna trial 19: validation MAE 102.70, MASE 0.296, 225 trees after early stopping. Tree parameters are searched jointly because num_leaves, min_child_samples and the sampling fractions trade off against one another; a staged sweep would fix each at a value chosen while the others were wrong."
734505bdcf0d,2026-09-16T12:50:14+0200,lightgbm,5161,optuna,0,"{""bagging_fraction"": 0.5762277687005938, ""best_iteration"": 952, ""feature_fraction"": 0.6625908543222642, ""fit_wall_s"": 1.21, ""lambda_l2"": 0.0009899760639952575, ""learning_rate"": 0.0251700667520545, ""max_lag"": 1008, ""min_child_samples"": 8, ""n_estimators"": 2000, ""n_features"": 21, ""n_lags"": 9, ""n_leaves"": 15232, ""num_leaves"": 16, ""seed"": 0, ""use_calendar"": true, ""use_log"": true}",lags+rolling+calendar,nan,104.0310985473749,165.39469212171818,0.29946188913941396,1.217,15232,454ebb5,"Optuna trial 20: validation MAE 104.03, MASE 0.299, 952 trees after early stopping. Tree parameters are searched jointly because num_leaves, min_child_samples and the sampling fractions trade off against one another; a staged sweep would fix each at a value chosen while the others were wrong."
d6ce9b533b96,2026-09-16T12:50:16+0200,lightgbm,5161,optuna,0,"{""bagging_fraction"": 0.6738681637582683, ""best_iteration"": 487, ""feature_fraction"": 0.5028778748943223, ""fit_wall_s"": 0.932, ""lambda_l2"": 7.264999823302096e-07, ""learning_rate"": 0.032033209000177414, ""max_lag"": 1008, ""min_child_samples"": 5, ""n_estimators"": 2000, ""n_features"": 21, ""n_lags"": 9, ""n_leaves"": 11201, ""num_leaves"": 23, ""seed"": 0, ""use_calendar"": true, ""use_log"": true}",lags+rolling+calendar,nan,102.74567718579466,162.05518511322168,0.2957617003049792,0.94,11201,454ebb5,"Optuna trial 21: validation MAE 102.75, MASE 0.296, 487 trees after early stopping. Tree parameters are searched jointly because num_leaves, min_child_samples and the sampling fractions trade off against one another; a staged sweep would fix each at a value chosen while the others were wrong."
767fd7c00d4b,2026-09-16T12:50:20+0200,lightgbm,5161,optuna,0,"{""bagging_fraction"": 0.8144670381612914, ""best_iteration"": 875, ""feature_fraction"": 0.602924541294499, ""fit_wall_s"": 2.922, ""lambda_l2"": 8.068483631998835e-05, ""learning_rate"": 0.01527268934209887, ""max_lag"": 1008, ""min_child_samples"": 10, ""n_estimators"": 2000, ""n_features"": 21, ""n_lags"": 9, ""n_leaves"": 14000, ""num_leaves"": 16, ""seed"": 0, ""use_calendar"": true, ""use_log"": true}",lags+rolling+calendar,nan,102.17170825586061,161.11095737438646,0.2941094845496385,2.931,14000,454ebb5,"Optuna trial 22: validation MAE 102.17, MASE 0.294, 875 trees after early stopping. Tree parameters are searched jointly because num_leaves, min_child_samples and the sampling fractions trade off against one another; a staged sweep would fix each at a value chosen while the others were wrong."
8a1dc86ea5ed,2026-09-16T12:50:25+0200,lightgbm,5161,optuna,0,"{""bagging_fraction"": 0.552862489928244, ""best_iteration"": 1226, ""feature_fraction"": 0.7239876097774942, ""fit_wall_s"": 2.246, ""lambda_l2"": 1.1692536487987723e-05, ""learning_rate"": 0.01044042586319771, ""max_lag"": 1008, ""min_child_samples"": 17, ""n_estimators"": 2000, ""n_features"": 21, ""n_lags"": 9, ""n_leaves"": 31784, ""num_leaves"": 26, ""seed"": 0, ""use_calendar"": true, ""use_log"": true}",lags+rolling+calendar,nan,101.23971169182633,161.23628084296314,0.2914266574370319,2.253,31784,454ebb5,"Optuna trial 23: validation MAE 101.24, MASE 0.291, 1226 trees after early stopping. Tree parameters are searched jointly because num_leaves, min_child_samples and the sampling fractions trade off against one another; a staged sweep would fix each at a value chosen while the others were wrong."
5698d9313c55,2026-09-16T12:50:34+0200,lightgbm,5161,optuna,0,"{""bagging_fraction"": 0.5428703441391138, ""best_iteration"": 791, ""feature_fraction"": 0.7322317487118007, ""fit_wall_s"": 3.22, ""lambda_l2"": 0.026432155992306958, ""learning_rate"": 0.01041956289150468, ""max_lag"": 1008, ""min_child_samples"": 17, ""n_estimators"": 2000, ""n_features"": 21, ""n_lags"": 9, ""n_leaves"": 69151, ""num_leaves"": 100, ""seed"": 0, ""use_calendar"": true, ""use_log"": true}",lags+rolling+calendar,nan,100.4148253258227,159.17430563308477,0.2890521556492198,3.227,69151,454ebb5,"Optuna trial 24: validation MAE 100.41, MASE 0.289, 791 trees after early stopping. Tree parameters are searched jointly because num_leaves, min_child_samples and the sampling fractions trade off against one another; a staged sweep would fix each at a value chosen while the others were wrong."
8ff46d5ce331,2026-09-16T12:50:36+0200,lightgbm,5161,optuna,0,"{""bagging_fraction"": 0.5432946300133127, ""best_iteration"": 123, ""feature_fraction"": 0.8193575567427197, ""fit_wall_s"": 0.91, ""lambda_l2"": 0.011114412112846906, ""learning_rate"": 0.052940707726579744, ""max_lag"": 1008, ""min_child_samples"": 16, ""n_estimators"": 2000, ""n_features"": 21, ""n_lags"": 9, ""n_leaves"": 10182, ""num_leaves"": 96, ""seed"": 0, ""use_calendar"": true, ""use_log"": true}",lags+rolling+calendar,nan,102.85011185462321,163.5310899623744,0.29606232390365056,0.922,10182,454ebb5,"Optuna trial 25: validation MAE 102.85, MASE 0.296, 123 trees after early stopping. Tree parameters are searched jointly because num_leaves, min_child_samples and the sampling fractions trade off against one another; a staged sweep would fix each at a value chosen while the others were wrong."
0850a51598d9,2026-09-16T12:50:40+0200,lightgbm,5161,optuna,0,"{""bagging_fraction"": 0.6200610307657946, ""best_iteration"": 390, ""feature_fraction"": 0.8911663952237369, ""fit_wall_s"": 1.81, ""lambda_l2"": 0.03930724690409375, ""learning_rate"": 0.021336498937835565, ""max_lag"": 1008, ""min_child_samples"": 23, ""n_estimators"": 2000, ""n_features"": 21, ""n_lags"": 9, ""n_leaves"": 31069, ""num_leaves"": 147, ""seed"": 0, ""use_calendar"": true, ""use_log"": true}",lags+rolling+calendar,nan,100.55163268827809,159.7838371968524,0.28944596665170974,1.815,31069,454ebb5,"Optuna trial 26: validation MAE 100.55, MASE 0.289, 390 trees after early stopping. Tree parameters are searched jointly because num_leaves, min_child_samples and the sampling fractions trade off against one another; a staged sweep would fix each at a value chosen while the others were wrong."
b77c24f8ebab,2026-09-16T12:50:45+0200,lightgbm,5161,optuna,0,"{""bagging_fraction"": 0.627982183840184, ""best_iteration"": 403, ""feature_fraction"": 0.9999839467266133, ""fit_wall_s"": 1.808, ""lambda_l2"": 0.10185467308259895, ""learning_rate"": 0.021384758555155745, ""max_lag"": 1008, ""min_child_samples"": 23, ""n_estimators"": 2000, ""n_features"": 21, ""n_lags"": 9, ""n_leaves"": 32535, ""num_leaves"": 132, ""seed"": 0, ""use_calendar"": true, ""use_log"": true}",lags+rolling+calendar,nan,102.52106529455763,163.0466702161088,0.29511513690026436,1.817,32535,454ebb5,"Optuna trial 27: validation MAE 102.52, MASE 0.295, 403 trees after early stopping. Tree parameters are searched jointly because num_leaves, min_child_samples and the sampling fractions trade off against one another; a staged sweep would fix each at a value chosen while the others were wrong."
7e0ca6f79c9d,2026-09-16T12:50:48+0200,lightgbm,5161,optuna,0,"{""bagging_fraction"": 0.6480709665607669, ""best_iteration"": 455, ""feature_fraction"": 0.9033885653733681, ""fit_wall_s"": 1.218, ""lambda_l2"": 0.023880212634354192, ""learning_rate"": 0.026068497871966276, ""max_lag"": 1008, ""min_child_samples"": 50, ""n_estimators"": 2000, ""n_features"": 21, ""n_lags"": 9, ""n_leaves"": 18614, ""num_leaves"": 57, ""seed"": 0, ""use_calendar"": true, ""use_log"": true}",lags+rolling+calendar,nan,104.1773108558653,165.45764379613462,0.29988277303593486,1.227,18614,454ebb5,"Optuna trial 28: validation MAE 104.18, MASE 0.300, 455 trees after early stopping. Tree parameters are searched jointly because num_leaves, min_child_samples and the sampling fractions trade off against one another; a staged sweep would fix each at a value chosen while the others were wrong."
97411126ea3c,2026-09-16T12:50:52+0200,lightgbm,5161,optuna,0,"{""bagging_fraction"": 0.6961621596774974, ""best_iteration"": 320, ""feature_fraction"": 0.7636285304337359, ""fit_wall_s"": 2.099, ""lambda_l2"": 4.502028192650841, ""learning_rate"": 0.034488916163203646, ""max_lag"": 1008, ""min_child_samples"": 31, ""n_estimators"": 2000, ""n_features"": 21, ""n_lags"": 9, ""n_leaves"": 19194, ""num_leaves"": 68, ""seed"": 0, ""use_calendar"": true, ""use_log"": true}",lags+rolling+calendar,nan,100.40335037884962,160.0332914289505,0.28901912409090397,2.106,19194,454ebb5,"Optuna trial 29: validation MAE 100.40, MASE 0.289, 320 trees after early stopping. Tree parameters are searched jointly because num_leaves, min_child_samples and the sampling fractions trade off against one another; a staged sweep would fix each at a value chosen while the others were wrong."
dd4acdbfed48,2026-09-16T11:06:46+0000,lstm,5161,sequence_length_candidate,0,"{""batch_size"": 64, ""best_epoch"": 5, ""best_valid_mae_scaled"": 0.0789809450507164, ""device"": ""cuda"", ""dropout"": 0.2, ""epochs_run"": 11, ""fit_wall_s"": 3.908, ""hidden_size"": 64, ""input_size"": 7, ""learning_rate"": 0.001, ""max_epochs"": 30, ""n_params"": 52033, ""num_layers"": 2, ""patience"": 5, ""seed"": 0, ""sequence_length"": 36, ""stopped_early"": true, ""use_calendar"": true, ""weight_decay"": 0.0}",window+calendar,nan,132.46747151250523,208.50950599994286,0.38131827715528166,7.119,52033,unknown,"Candidate in the sequence_length sweep with sequence_length=36: validation MAE 132.47, MASE 0.381, best epoch 5 of 11 run. Logged so the axis can be reconstructed from the record rather than from console output."
cad64c4dd67e,2026-09-16T11:06:51+0000,lstm,5161,sequence_length_candidate,0,"{""batch_size"": 64, ""best_epoch"": 10, ""best_valid_mae_scaled"": 0.0790337398648262, ""device"": ""cuda"", ""dropout"": 0.2, ""epochs_run"": 16, ""fit_wall_s"": 4.545, ""hidden_size"": 64, ""input_size"": 7, ""learning_rate"": 0.001, ""max_epochs"": 30, ""n_params"": 52033, ""num_layers"": 2, ""patience"": 5, ""seed"": 0, ""sequence_length"": 72, ""stopped_early"": true, ""use_calendar"": true, ""weight_decay"": 0.0}",window+calendar,nan,136.04487563469328,214.36111995543007,0.39161612281493985,4.578,52033,unknown,"Candidate in the sequence_length sweep with sequence_length=72: validation MAE 136.04, MASE 0.392, best epoch 10 of 16 run. Logged so the axis can be reconstructed from the record rather than from console output."
dbeb21649640,2026-09-16T11:06:58+0000,lstm,5161,sequence_length_candidate,0,"{""batch_size"": 64, ""best_epoch"": 17, ""best_valid_mae_scaled"": 0.07180280238389969, ""device"": ""cuda"", ""dropout"": 0.2, ""epochs_run"": 23, ""fit_wall_s"": 6.606, ""hidden_size"": 64, ""input_size"": 7, ""learning_rate"": 0.001, ""max_epochs"": 30, ""n_params"": 52033, ""num_layers"": 2, ""patience"": 5, ""seed"": 0, ""sequence_length"": 144, ""stopped_early"": true, ""use_calendar"": true, ""weight_decay"": 0.0}",window+calendar,nan,122.28914297192009,191.1520935128017,0.3520191393435513,6.658,52033,unknown,"Candidate in the sequence_length sweep with sequence_length=144: validation MAE 122.29, MASE 0.352, best epoch 17 of 23 run. Logged so the axis can be reconstructed from the record rather than from console output."
7f31cb5c3abe,2026-09-16T11:07:00+0000,lstm,5161,sequence_length_candidate,0,"{""batch_size"": 64, ""best_epoch"": 2, ""best_valid_mae_scaled"": 0.08066297322511673, ""device"": ""cuda"", ""dropout"": 0.2, ""epochs_run"": 8, ""fit_wall_s"": 2.589, ""hidden_size"": 64, ""input_size"": 7, ""learning_rate"": 0.001, ""max_epochs"": 30, ""n_params"": 52033, ""num_layers"": 2, ""patience"": 5, ""seed"": 0, ""sequence_length"": 288, ""stopped_early"": true, ""use_calendar"": true, ""weight_decay"": 0.0}",window+calendar,nan,138.2646244862357,222.02694971805403,0.3980058485198475,2.681,52033,unknown,"Candidate in the sequence_length sweep with sequence_length=288: validation MAE 138.26, MASE 0.398, best epoch 2 of 8 run. Logged so the axis can be reconstructed from the record rather than from console output."
cca8c3db5b85,2026-09-16T11:07:00+0000,lstm,5161,sequence_length,0,"{""batch_size"": 64, ""best_epoch"": 17, ""best_valid_mae_scaled"": 0.07180280238389969, ""device"": ""cuda"", ""dropout"": 0.2, ""epochs_run"": 23, ""fit_wall_s"": 6.606, ""hidden_size"": 64, ""input_size"": 7, ""learning_rate"": 0.001, ""max_epochs"": 30, ""n_params"": 52033, ""num_layers"": 2, ""patience"": 5, ""seed"": 0, ""sequence_length"": 144, ""stopped_early"": true, ""use_calendar"": true, ""weight_decay"": 0.0}",window+calendar,nan,122.28914297192009,191.1520935128017,0.3520191393435513,6.658,52033,unknown,"sequence_length: sequence_length=144 won 4 candidates with validation MAE 122.29; spread across the axis was 13.1%. first stage, no prior baseline. The axis matters, so it is worth holding this value fixed."
854b7ee5b5d7,2026-09-16T11:07:04+0000,lstm,5161,capacity_candidate,0,"{""batch_size"": 64, ""best_epoch"": 7, ""best_valid_mae_scaled"": 0.08024705946445465, ""device"": ""cuda"", ""dropout"": 0.2, ""epochs_run"": 13, ""fit_wall_s"": 3.142, ""hidden_size"": 32, ""input_size"": 7, ""learning_rate"": 0.001, ""max_epochs"": 30, ""n_params"": 5281, ""num_layers"": 1, ""patience"": 5, ""seed"": 0, ""sequence_length"": 144, ""stopped_early"": true, ""use_calendar"": true, ""weight_decay"": 0.0}",window+calendar,nan,129.87390408196669,200.8673272899841,0.3738524845874387,3.192,5281,unknown,"Candidate in the capacity sweep with hidden_size=32, num_layers=1: validation MAE 129.87, MASE 0.374, best epoch 7 of 13 run. Logged so the axis can be reconstructed from the record rather than from console output."
03107761f7f9,2026-09-16T11:07:07+0000,lstm,5161,capacity_candidate,0,"{""batch_size"": 64, ""best_epoch"": 7, ""best_valid_mae_scaled"": 0.07930455356836319, ""device"": ""cuda"", ""dropout"": 0.2, ""epochs_run"": 13, ""fit_wall_s"": 3.662, ""hidden_size"": 32, ""input_size"": 7, ""learning_rate"": 0.001, ""max_epochs"": 30, ""n_params"": 13729, ""num_layers"": 2, ""patience"": 5, ""seed"": 0, ""sequence_length"": 144, ""stopped_early"": true, ""use_calendar"": true, ""weight_decay"": 0.0}",window+calendar,nan,135.20946712808177,215.64021085206917,0.38921133219861187,3.714,13729,unknown,"Candidate in the capacity sweep with hidden_size=32, num_layers=2: validation MAE 135.21, MASE 0.389, best epoch 7 of 13 run. Logged so the axis can be reconstructed from the record rather than from console output."
c8926e2a2ea7,2026-09-16T11:07:10+0000,lstm,5161,capacity_candidate,0,"{""batch_size"": 64, ""best_epoch"": 6, ""best_valid_mae_scaled"": 0.07635169476270676, ""device"": ""cuda"", ""dropout"": 0.2, ""epochs_run"": 12, ""fit_wall_s"": 2.998, ""hidden_size"": 64, ""input_size"": 7, ""learning_rate"": 0.001, ""max_epochs"": 30, ""n_params"": 18753, ""num_layers"": 1, ""patience"": 5, ""seed"": 0, ""sequence_length"": 144, ""stopped_early"": true, ""use_calendar"": true, ""weight_decay"": 0.0}",window+calendar,nan,118.65788037567395,183.5741271548884,0.3415662577320209,3.049,18753,unknown,"Candidate in the capacity sweep with hidden_size=64, num_layers=1: validation MAE 118.66, MASE 0.342, best epoch 6 of 12 run. Logged so the axis can be reconstructed from the record rather than from console output."
24b579c7eda5,2026-09-16T11:07:17+0000,lstm,5161,capacity_candidate,0,"{""batch_size"": 64, ""best_epoch"": 17, ""best_valid_mae_scaled"": 0.07180280238389969, ""device"": ""cuda"", ""dropout"": 0.2, ""epochs_run"": 23, ""fit_wall_s"": 6.69, ""hidden_size"": 64, ""input_size"": 7, ""learning_rate"": 0.001, ""max_epochs"": 30, ""n_params"": 52033, ""num_layers"": 2, ""patience"": 5, ""seed"": 0, ""sequence_length"": 144, ""stopped_early"": true, ""use_calendar"": true, ""weight_decay"": 0.0}",window+calendar,nan,122.28914297192009,191.1520935128017,0.3520191393435513,6.744,52033,unknown,"Candidate in the capacity sweep with hidden_size=64, num_layers=2: validation MAE 122.29, MASE 0.352, best epoch 17 of 23 run. Logged so the axis can be reconstructed from the record rather than from console output."
bb1bfad9d8c3,2026-09-16T11:07:22+0000,lstm,5161,capacity_candidate,0,"{""batch_size"": 64, ""best_epoch"": 7, ""best_valid_mae_scaled"": 0.07005708664655685, ""device"": ""cuda"", ""dropout"": 0.2, ""epochs_run"": 13, ""fit_wall_s"": 4.347, ""hidden_size"": 128, ""input_size"": 7, ""learning_rate"": 0.001, ""max_epochs"": 30, ""n_params"": 70273, ""num_layers"": 1, ""patience"": 5, ""seed"": 0, ""sequence_length"": 144, ""stopped_early"": true, ""use_calendar"": true, ""weight_decay"": 0.0}",window+calendar,nan,108.11065881923432,167.75531384264244,0.3112052316872463,4.398,70273,unknown,"Candidate in the capacity sweep with hidden_size=128, num_layers=1: validation MAE 108.11, MASE 0.311, best epoch 7 of 13 run. Logged so the axis can be reconstructed from the record rather than from console output."
0a8c6c1f8c1c,2026-09-16T11:07:30+0000,lstm,5161,capacity_candidate,0,"{""batch_size"": 64, ""best_epoch"": 7, ""best_valid_mae_scaled"": 0.07045098394155502, ""device"": ""cuda"", ""dropout"": 0.2, ""epochs_run"": 13, ""fit_wall_s"": 8.489, ""hidden_size"": 128, ""input_size"": 7, ""learning_rate"": 0.001, ""max_epochs"": 30, ""n_params"": 202369, ""num_layers"": 2, ""patience"": 5, ""seed"": 0, ""sequence_length"": 144, ""stopped_early"": true, ""use_calendar"": true, ""weight_decay"": 0.0}",window+calendar,nan,106.07022328798624,163.41225026681914,0.3053316738051628,8.543,202369,unknown,"Candidate in the capacity sweep with hidden_size=128, num_layers=2: validation MAE 106.07, MASE 0.305, best epoch 7 of 13 run. Logged so the axis can be reconstructed from the record rather than from console output."
b4f7d5bae2bb,2026-09-16T11:07:30+0000,lstm,5161,capacity,0,"{""batch_size"": 64, ""best_epoch"": 7, ""best_valid_mae_scaled"": 0.07045098394155502, ""device"": ""cuda"", ""dropout"": 0.2, ""epochs_run"": 13, ""fit_wall_s"": 8.489, ""hidden_size"": 128, ""input_size"": 7, ""learning_rate"": 0.001, ""max_epochs"": 30, ""n_params"": 202369, ""num_layers"": 2, ""patience"": 5, ""seed"": 0, ""sequence_length"": 144, ""stopped_early"": true, ""use_calendar"": true, ""weight_decay"": 0.0}",window+calendar,nan,106.07022328798624,163.41225026681914,0.3053316738051628,8.543,202369,unknown,"capacity: hidden_size=128, num_layers=2 won 6 candidates with validation MAE 106.07; spread across the axis was 27.5%. improved validation MAE by 16.22 (13.3%). The axis matters, so it is worth holding this value fixed."
0f4d0bd4dc33,2026-09-16T11:07:39+0000,lstm,5161,optimisation_candidate,0,"{""batch_size"": 32, ""best_epoch"": 6, ""best_valid_mae_scaled"": 0.07236775010824203, ""device"": ""cuda"", ""dropout"": 0.2, ""epochs_run"": 12, ""fit_wall_s"": 8.733, ""hidden_size"": 128, ""input_size"": 7, ""learning_rate"": 0.001, ""max_epochs"": 30, ""n_params"": 202369, ""num_layers"": 2, ""patience"": 5, ""seed"": 0, ""sequence_length"": 144, ""stopped_early"": true, ""use_calendar"": true, ""weight_decay"": 0.0}",window+calendar,nan,105.35957042236682,159.42107033441764,0.3032860023412225,8.788,202369,unknown,"Candidate in the optimisation sweep with learning_rate=0.001, batch_size=32: validation MAE 105.36, MASE 0.303, best epoch 6 of 12 run. Logged so the axis can be reconstructed from the record rather than from console output."
fc65bf569f02,2026-09-16T11:07:48+0000,lstm,5161,optimisation_candidate,0,"{""batch_size"": 64, ""best_epoch"": 7, ""best_valid_mae_scaled"": 0.07045098394155502, ""device"": ""cuda"", ""dropout"": 0.2, ""epochs_run"": 13, ""fit_wall_s"": 8.638, ""hidden_size"": 128, ""input_size"": 7, ""learning_rate"": 0.001, ""max_epochs"": 30, ""n_params"": 202369, ""num_layers"": 2, ""patience"": 5, ""seed"": 0, ""sequence_length"": 144, ""stopped_early"": true, ""use_calendar"": true, ""weight_decay"": 0.0}",window+calendar,nan,106.07022328798624,163.41225026681914,0.3053316738051628,8.69,202369,unknown,"Candidate in the optimisation sweep with learning_rate=0.001, batch_size=64: validation MAE 106.07, MASE 0.305, best epoch 7 of 13 run. Logged so the axis can be reconstructed from the record rather than from console output."
9700d53ec038,2026-09-16T11:07:57+0000,lstm,5161,optimisation_candidate,0,"{""batch_size"": 128, ""best_epoch"": 8, ""best_valid_mae_scaled"": 0.07444547116756439, ""device"": ""cuda"", ""dropout"": 0.2, ""epochs_run"": 14, ""fit_wall_s"": 8.919, ""hidden_size"": 128, ""input_size"": 7, ""learning_rate"": 0.001, ""max_epochs"": 30, ""n_params"": 202369, ""num_layers"": 2, ""patience"": 5, ""seed"": 0, ""sequence_length"": 144, ""stopped_early"": true, ""use_calendar"": true, ""weight_decay"": 0.0}",window+calendar,nan,123.55704387038858,192.66518993505287,0.3556688941149481,8.975,202369,unknown,"Candidate in the optimisation sweep with learning_rate=0.001, batch_size=128: validation MAE 123.56, MASE 0.356, best epoch 8 of 14 run. Logged so the axis can be reconstructed from the record rather than from console output."
e41dba025a37,2026-09-16T11:08:07+0000,lstm,5161,optimisation_candidate,0,"{""batch_size"": 32, ""best_epoch"": 7, ""best_valid_mae_scaled"": 0.07994560897350311, ""device"": ""cuda"", ""dropout"": 0.2, ""epochs_run"": 13, ""fit_wall_s"": 9.617, ""hidden_size"": 128, ""input_size"": 7, ""learning_rate"": 0.0003, ""max_epochs"": 30, ""n_params"": 202369, ""num_layers"": 2, ""patience"": 5, ""seed"": 0, ""sequence_length"": 144, ""stopped_early"": true, ""use_calendar"": true, ""weight_decay"": 0.0}",window+calendar,nan,129.2521066794519,200.9704877769487,0.3720625907247467,9.67,202369,unknown,"Candidate in the optimisation sweep with learning_rate=0.0003, batch_size=32: validation MAE 129.25, MASE 0.372, best epoch 7 of 13 run. Logged so the axis can be reconstructed from the record rather than from console output."
c3d759921d30,2026-09-16T11:08:20+0000,lstm,5161,optimisation_candidate,0,"{""batch_size"": 64, ""best_epoch"": 14, ""best_valid_mae_scaled"": 0.07628024369478226, ""device"": ""cuda"", ""dropout"": 0.2, ""epochs_run"": 20, ""fit_wall_s"": 13.62, ""hidden_size"": 128, ""input_size"": 7, ""learning_rate"": 0.0003, ""max_epochs"": 30, ""n_params"": 202369, ""num_layers"": 2, ""patience"": 5, ""seed"": 0, ""sequence_length"": 144, ""stopped_early"": true, ""use_calendar"": true, ""weight_decay"": 0.0}",window+calendar,nan,121.25879961522915,188.18376459284585,0.3490532130737599,13.673,202369,unknown,"Candidate in the optimisation sweep with learning_rate=0.0003, batch_size=64: validation MAE 121.26, MASE 0.349, best epoch 14 of 20 run. Logged so the axis can be reconstructed from the record rather than from console output."
061255f0a26c,2026-09-16T11:08:29+0000,lstm,5161,optimisation_candidate,0,"{""batch_size"": 128, ""best_epoch"": 7, ""best_valid_mae_scaled"": 0.09077604115009308, ""device"": ""cuda"", ""dropout"": 0.2, ""epochs_run"": 13, ""fit_wall_s"": 8.564, ""hidden_size"": 128, ""input_size"": 7, ""learning_rate"": 0.0003, ""max_epochs"": 30, ""n_params"": 202369, ""num_layers"": 2, ""patience"": 5, ""seed"": 0, ""sequence_length"": 144, ""stopped_early"": true, ""use_calendar"": true, ""weight_decay"": 0.0}",window+calendar,nan,145.17338551901568,227.6161829159977,0.4178932731397739,8.617,202369,unknown,"Candidate in the optimisation sweep with learning_rate=0.0003, batch_size=128: validation MAE 145.17, MASE 0.418, best epoch 7 of 13 run. Logged so the axis can be reconstructed from the record rather than from console output."
d57de27a81aa,2026-09-16T11:08:29+0000,lstm,5161,optimisation,0,"{""batch_size"": 32, ""best_epoch"": 6, ""best_valid_mae_scaled"": 0.07236775010824203, ""device"": ""cuda"", ""dropout"": 0.2, ""epochs_run"": 12, ""fit_wall_s"": 8.733, ""hidden_size"": 128, ""input_size"": 7, ""learning_rate"": 0.001, ""max_epochs"": 30, ""n_params"": 202369, ""num_layers"": 2, ""patience"": 5, ""seed"": 0, ""sequence_length"": 144, ""stopped_early"": true, ""use_calendar"": true, ""weight_decay"": 0.0}",window+calendar,nan,105.35957042236682,159.42107033441764,0.3032860023412225,8.788,202369,unknown,"optimisation: learning_rate=0.001, batch_size=32 won 6 candidates with validation MAE 105.36; spread across the axis was 37.8%. improved validation MAE by 0.71 (0.7%). The axis matters, so it is worth holding this value fixed."
beab87396269,2026-09-16T11:08:41+0000,lstm,5161,regularisation_candidate,0,"{""batch_size"": 32, ""best_epoch"": 10, ""best_valid_mae_scaled"": 0.0664445161819458, ""device"": ""cuda"", ""dropout"": 0.0, ""epochs_run"": 16, ""fit_wall_s"": 11.902, ""hidden_size"": 128, ""input_size"": 7, ""learning_rate"": 0.001, ""max_epochs"": 30, ""n_params"": 202369, ""num_layers"": 2, ""patience"": 5, ""seed"": 0, ""sequence_length"": 144, ""stopped_early"": true, ""use_calendar"": true, ""weight_decay"": 0.0}",window+calendar,nan,105.71907798946158,162.7438653912678,0.3043208738047117,11.958,202369,unknown,"Candidate in the regularisation sweep with dropout=0.0, weight_decay=0.0: validation MAE 105.72, MASE 0.304, best epoch 10 of 16 run. Logged so the axis can be reconstructed from the record rather than from console output."
7d2db7bb98d0,2026-09-16T11:08:53+0000,lstm,5161,regularisation_candidate,0,"{""batch_size"": 32, ""best_epoch"": 10, ""best_valid_mae_scaled"": 0.06674615293741226, ""device"": ""cuda"", ""dropout"": 0.0, ""epochs_run"": 16, ""fit_wall_s"": 12.067, ""hidden_size"": 128, ""input_size"": 7, ""learning_rate"": 0.001, ""max_epochs"": 30, ""n_params"": 202369, ""num_layers"": 2, ""patience"": 5, ""seed"": 0, ""sequence_length"": 144, ""stopped_early"": true, ""use_calendar"": true, ""weight_decay"": 0.0001}",window+calendar,nan,98.2150484729228,149.15204769659152,0.2827199209496644,12.119,202369,unknown,"Candidate in the regularisation sweep with dropout=0.0, weight_decay=0.0001: validation MAE 98.22, MASE 0.283, best epoch 10 of 16 run. Logged so the axis can be reconstructed from the record rather than from console output."
c19d18c9f333,2026-09-16T11:09:02+0000,lstm,5161,regularisation_candidate,0,"{""batch_size"": 32, ""best_epoch"": 6, ""best_valid_mae_scaled"": 0.07236775010824203, ""device"": ""cuda"", ""dropout"": 0.2, ""epochs_run"": 12, ""fit_wall_s"": 9.17, ""hidden_size"": 128, ""input_size"": 7, ""learning_rate"": 0.001, ""max_epochs"": 30, ""n_params"": 202369, ""num_layers"": 2, ""patience"": 5, ""seed"": 0, ""sequence_length"": 144, ""stopped_early"": true, ""use_calendar"": true, ""weight_decay"": 0.0}",window+calendar,nan,105.35957042236682,159.42107033441764,0.3032860023412225,9.22,202369,unknown,"Candidate in the regularisation sweep with dropout=0.2, weight_decay=0.0: validation MAE 105.36, MASE 0.303, best epoch 6 of 12 run. Logged so the axis can be reconstructed from the record rather than from console output."
e3fd5516906c,2026-09-16T11:09:12+0000,lstm,5161,regularisation_candidate,0,"{""batch_size"": 32, ""best_epoch"": 7, ""best_valid_mae_scaled"": 0.07175297290086746, ""device"": ""cuda"", ""dropout"": 0.2, ""epochs_run"": 13, ""fit_wall_s"": 9.992, ""hidden_size"": 128, ""input_size"": 7, ""learning_rate"": 0.001, ""max_epochs"": 30, ""n_params"": 202369, ""num_layers"": 2, ""patience"": 5, ""seed"": 0, ""sequence_length"": 144, ""stopped_early"": true, ""use_calendar"": true, ""weight_decay"": 0.0001}",window+calendar,nan,110.78993051966555,171.78820676549057,0.31891773089308256,10.062,202369,unknown,"Candidate in the regularisation sweep with dropout=0.2, weight_decay=0.0001: validation MAE 110.79, MASE 0.319, best epoch 7 of 13 run. Logged so the axis can be reconstructed from the record rather than from console output."
df02faa5dbb7,2026-09-16T11:09:12+0000,lstm,5161,regularisation,0,"{""batch_size"": 32, ""best_epoch"": 10, ""best_valid_mae_scaled"": 0.06674615293741226, ""device"": ""cuda"", ""dropout"": 0.0, ""epochs_run"": 16, ""fit_wall_s"": 12.067, ""hidden_size"": 128, ""input_size"": 7, ""learning_rate"": 0.001, ""max_epochs"": 30, ""n_params"": 202369, ""num_layers"": 2, ""patience"": 5, ""seed"": 0, ""sequence_length"": 144, ""stopped_early"": true, ""use_calendar"": true, ""weight_decay"": 0.0001}",window+calendar,nan,98.2150484729228,149.15204769659152,0.2827199209496644,12.119,202369,unknown,"regularisation: dropout=0.0, weight_decay=0.0001 won 4 candidates with validation MAE 98.22; spread across the axis was 12.8%. improved validation MAE by 7.14 (6.8%). The axis matters, so it is worth holding this value fixed."
fef2993a95f2,2026-09-16T11:09:25+0000,lstm,5161,calendar_ablation_candidate,0,"{""batch_size"": 32, ""best_epoch"": 10, ""best_valid_mae_scaled"": 0.06674615293741226, ""device"": ""cuda"", ""dropout"": 0.0, ""epochs_run"": 16, ""fit_wall_s"": 12.094, ""hidden_size"": 128, ""input_size"": 7, ""learning_rate"": 0.001, ""max_epochs"": 30, ""n_params"": 202369, ""num_layers"": 2, ""patience"": 5, ""seed"": 0, ""sequence_length"": 144, ""stopped_early"": true, ""use_calendar"": true, ""weight_decay"": 0.0001}",window+calendar,nan,98.2150484729228,149.15204769659152,0.2827199209496644,12.149,202369,unknown,"Candidate in the calendar_ablation sweep with use_calendar=True: validation MAE 98.22, MASE 0.283, best epoch 10 of 16 run. Logged so the axis can be reconstructed from the record rather than from console output."
971cc7ba7d8d,2026-09-16T11:09:34+0000,lstm,5161,calendar_ablation_candidate,0,"{""batch_size"": 32, ""best_epoch"": 7, ""best_valid_mae_scaled"": 0.07089191675186157, ""device"": ""cuda"", ""dropout"": 0.0, ""epochs_run"": 13, ""fit_wall_s"": 9.655, ""hidden_size"": 128, ""input_size"": 1, ""learning_rate"": 0.001, ""max_epochs"": 30, ""n_params"": 199297, ""num_layers"": 2, ""patience"": 5, ""seed"": 0, ""sequence_length"": 144, ""stopped_early"": true, ""use_calendar"": false, ""weight_decay"": 0.0001}",window,nan,112.66651322437151,176.13343391251476,0.324319625227801,9.662,199297,unknown,"Candidate in the calendar_ablation sweep with use_calendar=False: validation MAE 112.67, MASE 0.324, best epoch 7 of 13 run. Logged so the axis can be reconstructed from the record rather than from console output."
dc1ff6ecefb7,2026-09-16T11:09:34+0000,lstm,5161,calendar_ablation,0,"{""batch_size"": 32, ""best_epoch"": 10, ""best_valid_mae_scaled"": 0.06674615293741226, ""device"": ""cuda"", ""dropout"": 0.0, ""epochs_run"": 16, ""fit_wall_s"": 12.094, ""hidden_size"": 128, ""input_size"": 7, ""learning_rate"": 0.001, ""max_epochs"": 30, ""n_params"": 202369, ""num_layers"": 2, ""patience"": 5, ""seed"": 0, ""sequence_length"": 144, ""stopped_early"": true, ""use_calendar"": true, ""weight_decay"": 0.0001}",window+calendar,nan,98.2150484729228,149.15204769659152,0.2827199209496644,12.149,202369,unknown,Calendar features changed validation MAE by +14.45 (+14.7%); kept on that evidence. Staged search complete; the selected configuration is refit on train plus validation with the full epoch budget for the final run.
